timestamp,cpu_load_percent,ram_usage_percent,gpu_load_percent,gpu_temp_c,gpu_power_w
2026-08-16T04:34:55.052971,19.8,96,100,84,73.922
2026-08-16T04:34:56.057421,14.4,95.8,100,87,81.958
2026-08-16T04:34:57.058641,17.3,95.9,100,86,78.611
2026-08-16T04:34:58.060119,11.2,96,0,75,21.403
2026-08-16T04:34:59.061332,14.1,95.7,0,74,21.197
2026-08-16T04:35:00.063841,33.1,95.7,0,72,14.555
2026-08-16T04:35:01.068046,30.4,95.5,41,76,24.172
2026-08-16T04:35:02.069118,21,94.1,39,77,40.21
2026-08-16T04:35:03.070468,16.1,94.4,38,77,42.733
2026-08-16T04:35:04.075974,11.2,93.8,34,77,43.23
2026-08-16T04:35:05.077267,9.8,93.3,38,75,41.795
2026-08-16T04:35:06.078688,10.8,93.3,39,74,41.819
2026-08-16T04:35:07.080555,12.2,93.5,42,73,43.015
2026-08-16T04:35:08.083611,12.5,93.5,46,73,44.422
2026-08-16T04:35:09.084814,12.5,93.4,46,73,43.82
2026-08-16T04:35:10.085835,10.6,93.4,45,72,44.978
2026-08-16T04:35:11.086681,13.5,93.4,46,72,43.607
2026-08-16T04:35:12.087719,12.1,93,47,71,43.638
2026-08-16T04:35:13.088336,13.9,92,46,71,43.463
2026-08-16T04:35:14.089226,16.2,92.8,47,71,46.76
2026-08-16T04:35:15.090573,18.8,93,46,71,43.296
2026-08-16T04:35:16.091424,17,93.1,46,70,43.211
2026-08-16T04:35:17.092478,15.2,93.1,46,71,43.175
2026-08-16T04:35:18.093198,21,94.1,46,70,48.959
2026-08-16T04:35:19.094116,20.8,93.7,46,69,43.776
2026-08-16T04:35:20.096212,18.1,92.6,48,69,43.278
2026-08-16T04:35:21.097155,16.4,92.7,48,69,43.176
2026-08-16T04:35:22.098186,16.6,92.7,46,68,42.756
2026-08-16T04:35:23.099055,15,92.8,45,68,42.699
2026-08-16T04:35:24.104382,16,92.7,47,68,42.617
2026-08-16T04:35:25.107131,14.3,92.8,46,68,42.584
2026-08-16T04:35:26.108203,18.9,92.9,47,67,42.486
2026-08-16T04:35:27.109554,20.3,93.1,45,67,41.469
2026-08-16T04:35:28.111612,36.1,94.1,46,67,42.205
2026-08-16T04:35:29.112942,29.1,94.2,46,67,42.475
2026-08-16T04:35:30.113825,13.7,94.5,0,63,33.88
2026-08-16T04:35:31.114972,11.4,94.5,3,62,19.065
2026-08-16T04:35:32.116192,13.9,96.2,14,63,26.989
2026-08-16T04:35:33.117345,10.8,97.3,46,67,45.212
2026-08-16T04:35:34.118434,5.7,96.8,0,61,18.833
2026-08-16T04:35:35.119477,10,97.2,0,60,18.682
2026-08-16T04:35:36.120767,18.4,98.9,51,68,54.383
2026-08-16T04:35:37.122307,14.2,98.6,51,68,50.128
2026-08-16T04:35:38.123878,11.1,98.6,51,65,51.235
2026-08-16T04:35:39.124890,11.9,97.8,50,63,49.073
2026-08-16T04:35:40.126050,11.5,97.1,33,61,31.777
2026-08-16T04:35:41.127238,13.6,96.6,51,67,50.135
2026-08-16T04:35:42.131289,12.7,96.5,49,65,50.341
2026-08-16T04:35:43.132135,10.4,93.6,2,59,22.083
2026-08-16T04:35:44.133999,14.4,93.1,1,57,12.709
2026-08-16T04:35:45.134932,12.3,93.7,1,58,27.644
2026-08-16T04:35:46.136249,6.6,94.4,1,57,18.531
2026-08-16T04:35:47.137822,15.2,96.7,42,60,42.332
2026-08-16T04:35:48.138752,21.1,96.7,54,64,50.964
2026-08-16T04:35:49.139757,14.6,97.2,56,65,59.151
2026-08-16T04:35:50.140687,14.4,96.8,56,63,49.466
2026-08-16T04:35:51.142057,17.3,96.9,52,63,50.079
2026-08-16T04:35:52.143101,15.5,97.4,54,64,50.637
2026-08-16T04:35:53.144237,14.7,97.6,49,64,48.244
2026-08-16T04:35:54.145219,16.8,97.7,59,64,52.439
2026-08-16T04:35:55.146788,12.9,97.2,55,66,51.486
2026-08-16T04:35:56.148294,13.7,97.1,55,63,51.049
2026-08-16T04:35:57.149329,11.9,97.1,53,64,53.123
2026-08-16T04:35:58.151735,12.7,97.1,55,64,51.691
2026-08-16T04:35:59.153240,14.1,97.1,55,65,51.081
2026-08-16T04:36:00.154527,18.3,96.3,55,65,50.781
2026-08-16T04:36:01.155503,15.7,96.4,55,64,50.578
2026-08-16T04:36:02.157591,13.3,96.9,11,58,23.841
2026-08-16T04:36:03.160399,18.3,97.2,74,67,58.851
2026-08-16T04:36:04.161758,20.9,97.1,75,64,60.122
2026-08-16T04:36:05.163240,19.3,97.1,74,66,58.593
2026-08-16T04:36:06.164319,21.9,97.2,75,67,60.837
2026-08-16T04:36:07.165221,20.3,97.3,79,68,61.18
2026-08-16T04:36:08.166428,22.6,97.1,72,67,60.302
2026-08-16T04:36:09.167434,19,97.1,73,66,58.866
2026-08-16T04:36:10.168754,22.1,97.2,69,67,58.806
2026-08-16T04:36:11.170816,20.8,97.3,70,67,57.742
2026-08-16T04:36:12.171716,20.7,97.2,72,66,56.33
2026-08-16T04:36:13.172707,19.4,97.3,45,65,52.239
2026-08-16T04:36:14.173504,19,97.3,72,67,60.054
2026-08-16T04:36:15.174145,22.5,97.4,57,66,51.629
2026-08-16T04:36:16.175404,19.2,97.4,80,68,62.538
2026-08-16T04:36:17.177473,20.9,97.5,66,69,58.98
2026-08-16T04:36:18.178798,21,97.4,71,68,60.651
2026-08-16T04:36:19.180002,21.6,97.4,77,70,59.025
2026-08-16T04:36:20.181748,20,97.5,80,68,64.338
2026-08-16T04:36:21.182548,23,97.4,70,68,58.068
2026-08-16T04:36:22.183522,19.4,97.4,76,70,60.38
2026-08-16T04:36:23.185005,19.7,97.5,79,70,58.654
2026-08-16T04:36:24.187786,20.9,97.6,74,70,61.725
2026-08-16T04:36:25.189750,21.2,97.7,64,69,61.783
2026-08-16T04:36:26.191548,20.3,97.6,73,71,63.831
2026-08-16T04:36:27.192772,22.2,97.6,71,70,62.329
2026-08-16T04:36:28.194021,20.5,97.4,71,70,60.821
2026-08-16T04:36:29.195321,19.9,97.4,72,71,60.276
2026-08-16T04:36:30.196447,19.9,97.5,46,71,50.05
2026-08-16T04:36:31.197871,19.5,97.5,79,70,62.172
2026-08-16T04:36:32.199294,22,97.5,80,73,66.554
2026-08-16T04:36:33.201120,22,97.6,71,72,64.027
2026-08-16T04:36:34.202543,20.9,97.6,76,72,60.818
2026-08-16T04:36:35.203806,20.4,97.7,71,71,59.983
2026-08-16T04:36:36.205052,20.4,97.6,69,72,59.521
2026-08-16T04:36:37.206480,19.9,97.8,70,72,59.371
2026-08-16T04:36:38.208129,24.4,97.6,68,72,59.312
2026-08-16T04:36:39.209286,20.8,97.6,74,72,59.351
2026-08-16T04:36:40.210405,20,97.6,70,71,59.477
2026-08-16T04:36:41.211643,20.6,97.5,68,72,57.004
2026-08-16T04:36:42.213731,21.1,97.5,76,72,62.905
2026-08-16T04:36:43.214832,21.9,97.5,80,74,63.848
2026-08-16T04:36:44.216159,19.2,97.5,74,73,62.466
2026-08-16T04:36:45.217803,19.5,97.3,73,74,64.33
2026-08-16T04:36:46.218825,19.8,97.3,76,71,61.7
2026-08-16T04:36:47.219973,25.6,97.3,79,74,61.502
2026-08-16T04:36:48.221203,22.5,97.2,73,73,62.157
2026-08-16T04:36:49.223015,22.4,97.3,81,73,65.938
2026-08-16T04:36:50.223904,19.3,97.3,71,73,61.438
2026-08-16T04:36:51.225209,22.9,97.3,74,73,64.358
2026-08-16T04:36:52.226245,20.2,97.3,69,73,62.243
2026-08-16T04:36:53.227082,23.8,97.9,78,73,61.928
2026-08-16T04:36:54.229071,25.3,98.1,73,74,69.65
2026-08-16T04:36:55.230593,27.1,98,71,74,64.074
2026-08-16T04:36:56.231724,26.9,98.1,74,74,61.746
2026-08-16T04:36:57.233313,26.8,98,68,73,58.06
2026-08-16T04:36:58.234573,26.5,98.4,72,74,60.017
2026-08-16T04:36:59.235721,31.2,97.9,69,72,54.51
2026-08-16T04:37:00.237797,26.2,97.7,59,72,54.099
2026-08-16T04:37:01.238939,22.8,97.8,78,74,64.139
2026-08-16T04:37:02.240397,23.9,97.7,77,73,63.807
2026-08-16T04:37:03.242013,21.5,97.7,77,73,88.291
2026-08-16T04:37:04.243406,24.3,97.6,81,73,59.507
2026-08-16T04:37:05.244796,22.8,97.5,75,74,61.708
2026-08-16T04:37:06.246059,21.9,97.5,72,74,62.777
2026-08-16T04:37:07.247357,20.1,97.5,74,74,61.89
2026-08-16T04:37:08.248515,21,97.5,77,72,62.724
2026-08-16T04:37:09.249645,21.2,97.5,72,72,55.238
2026-08-16T04:37:10.250351,22.2,97.6,75,72,63.172
2026-08-16T04:37:11.251870,22.8,97.4,72,72,60.772
2026-08-16T04:37:12.253184,24.1,97.4,72,74,61.589
2026-08-16T04:37:13.253893,21.8,97.4,70,71,57.894
2026-08-16T04:37:14.255150,20.3,97.4,75,72,63.044
2026-08-16T04:37:15.256393,22.7,97.6,73,73,59.99
2026-08-16T04:37:16.258799,28.4,98.1,72,73,58.904
2026-08-16T04:37:17.260103,25.6,97.7,66,72,58.614
2026-08-16T04:37:18.261207,25.6,96.9,86,73,63.908
2026-08-16T04:37:19.262408,22.9,96.8,78,74,63.588
2026-08-16T04:37:20.263834,26.6,96.8,76,73,59.125
2026-08-16T04:37:21.264994,20.2,96.8,77,73,61.764
2026-08-16T04:37:22.266351,24,97,82,73,67.118
2026-08-16T04:37:23.267267,23.6,96.8,81,75,56.387
2026-08-16T04:37:24.268484,20.4,96.7,79,75,65.955
2026-08-16T04:37:25.269444,22.3,96.7,79,74,65.497
2026-08-16T04:37:26.270520,22.4,96.7,78,74,65.455
2026-08-16T04:37:27.271300,20.8,95.9,78,74,62.277
2026-08-16T04:37:28.272867,21.7,96,82,75,65.213
2026-08-16T04:37:29.273725,20.5,95.9,79,75,67.1
2026-08-16T04:37:30.274767,19.7,96,76,75,64.095
2026-08-16T04:37:31.276262,19.2,96,82,74,65.034
2026-08-16T04:37:32.277738,21.8,96.1,80,74,66.152
2026-08-16T04:37:33.278726,21.6,96.2,74,73,61.809
2026-08-16T04:37:34.280014,26.2,97.1,77,74,65.038
2026-08-16T04:37:35.282047,26.3,97.3,73,72,63.298
2026-08-16T04:37:36.283378,23.7,97.2,73,74,63.084
2026-08-16T04:37:37.285741,23.6,97.5,76,73,66.378
2026-08-16T04:37:38.286999,25.4,97.6,75,73,61.282
2026-08-16T04:37:39.287956,25.4,97.3,69,74,59.904
2026-08-16T04:37:40.289658,24.9,97.2,73,73,58.255
2026-08-16T04:37:41.290910,21.2,97.2,76,73,62.621
2026-08-16T04:37:42.292271,24.7,97.1,75,72,61.837
2026-08-16T04:37:43.293756,19.7,97.1,75,72,61.224
2026-08-16T04:37:44.295012,19.3,97.1,74,72,59.552
2026-08-16T04:37:45.296814,20.9,97.1,72,72,59.133
2026-08-16T04:37:46.298683,21,97.1,80,73,65.058
2026-08-16T04:37:47.299699,19.5,97.1,70,72,58.689
2026-08-16T04:37:48.300926,20.7,97,76,72,62.066
2026-08-16T04:37:49.302199,21.3,97,74,74,61.927
2026-08-16T04:37:50.303192,20.2,97,72,72,61.111
2026-08-16T04:37:51.304467,20.1,97,74,72,59.541
2026-08-16T04:37:52.305675,20.3,97,77,73,65.182
2026-08-16T04:37:53.307359,18.7,97,74,72,62.63
2026-08-16T04:37:54.308647,19.7,97,76,71,62.219
2026-08-16T04:37:55.310549,18.9,97,79,71,60.508
2026-08-16T04:37:56.311776,18.6,97.1,73,72,61.784
2026-08-16T04:37:57.313032,19.4,97.1,67,72,55.276
2026-08-16T04:37:58.314253,19,97,67,72,56.587
2026-08-16T04:37:59.315932,19.2,97,65,72,56.737
2026-08-16T04:38:00.316779,18,97,65,72,59.236
2026-08-16T04:38:01.317656,18.6,97,65,70,56.887
2026-08-16T04:38:02.318913,20.9,97,68,71,56.491
2026-08-16T04:38:03.320505,20.3,97,63,71,56.749
2026-08-16T04:38:04.321627,22.3,96.6,66,70,56.658
2026-08-16T04:38:05.322706,22.6,96.5,61,70,55.108
2026-08-16T04:38:06.324145,20.7,96.5,82,71,64.717
2026-08-16T04:38:07.325319,19.3,95.7,72,70,65.171
2026-08-16T04:38:08.327048,20.4,95.7,78,71,64.487
2026-08-16T04:38:09.328874,19.6,95.7,66,71,57.535
2026-08-16T04:38:10.330137,19.2,95.7,64,71,56.961
2026-08-16T04:38:11.331361,19.7,95.6,56,70,54.765
2026-08-16T04:38:12.332106,27.8,94.9,62,70,54.635
2026-08-16T04:38:13.333332,20.1,94.8,69,70,58.298
2026-08-16T04:38:14.334088,19,94.4,59,70,58.258
2026-08-16T04:38:15.336547,20.9,94.5,76,71,61.501
2026-08-16T04:38:16.337513,21,94.4,70,71,60.352
2026-08-16T04:38:17.338491,19.8,94.5,70,70,59.277
2026-08-16T04:38:18.339245,19.9,94.4,70,71,68.654
2026-08-16T04:38:19.340235,22.8,94.5,69,71,55.574
2026-08-16T04:38:20.342138,22.7,94.4,66,69,57.763
2026-08-16T04:38:21.343992,20.7,94.4,70,70,58.7
2026-08-16T04:38:22.346515,20.4,94.4,74,70,59.72
2026-08-16T04:38:23.347669,21.4,94.4,70,69,59.073
2026-08-16T04:38:24.349060,21.6,94.4,71,69,58.687
2026-08-16T04:38:25.350038,19.6,94.4,72,70,60.338
2026-08-16T04:38:26.351183,20.3,94.5,73,70,65.097
2026-08-16T04:38:27.351857,19.6,94.5,76,70,62.087
2026-08-16T04:38:28.353350,19.9,94.5,69,70,60.305
2026-08-16T04:38:29.354472,18.7,94.5,73,71,59.065
2026-08-16T04:38:30.355960,19.1,94.5,69,70,59.345
2026-08-16T04:38:31.357873,19.6,94.5,75,70,58.957
2026-08-16T04:38:32.358874,17.7,94.5,72,71,59.168
2026-08-16T04:38:33.359920,18.7,94.5,69,69,58.488
2026-08-16T04:38:34.361567,19.2,94.5,74,71,58.568
2026-08-16T04:38:35.362929,20.6,94.5,72,70,60.775
2026-08-16T04:38:36.364388,18.5,94.5,73,70,59.036
2026-08-16T04:38:37.365830,20.2,94.5,70,69,60.154
2026-08-16T04:38:38.367799,21.2,94.8,69,69,58.971
2026-08-16T04:38:39.369123,23.4,95.7,79,70,64.845
2026-08-16T04:38:40.370243,26,95.6,81,70,65.564
2026-08-16T04:38:41.371504,23.6,95.9,72,70,59.781
2026-08-16T04:38:42.372367,21.9,95.9,66,70,56.206
2026-08-16T04:38:43.373377,20.6,96.3,64,70,56.298
2026-08-16T04:38:44.374015,25.3,95.9,65,70,56.629
2026-08-16T04:38:45.374960,16.7,95.8,64,70,56.613
2026-08-16T04:38:46.376845,19.3,95.8,61,69,53.324
2026-08-16T04:38:47.377868,19.5,95.8,65,70,56.255
2026-08-16T04:38:48.379419,17.4,95.8,80,71,65.499
2026-08-16T04:38:49.380695,18.3,95.8,78,70,63.812
2026-08-16T04:38:50.381412,19.5,95.8,71,70,56.545
2026-08-16T04:38:51.382268,17.5,95.8,75,69,60.95
2026-08-16T04:38:52.383584,18.8,95.8,81,71,61.82
2026-08-16T04:38:53.386069,19,95.8,76,71,62.311
2026-08-16T04:38:54.387203,17.7,95.8,71,72,60.705
2026-08-16T04:38:55.388175,17.9,95.8,75,72,60.447
2026-08-16T04:38:56.389441,17.5,95.8,67,70,61.156
2026-08-16T04:38:57.390133,17.2,95.8,65,69,56.424
2026-08-16T04:38:58.391300,17.4,95.8,65,70,56.753
2026-08-16T04:38:59.392924,18.3,95.9,63,69,55.895
2026-08-16T04:39:00.393756,17.7,95.8,65,69,56.309
2026-08-16T04:39:01.394700,15.2,95.8,64,69,55.635
2026-08-16T04:39:02.396018,16.4,95.8,61,69,54.668
2026-08-16T04:39:03.397553,14.3,95.8,71,70,57.444
2026-08-16T04:39:04.398865,15.8,95.8,76,70,60.826
2026-08-16T04:39:05.399828,15.7,95.7,71,70,55.439
2026-08-16T04:39:06.400966,16.1,95.7,68,69,56.733
2026-08-16T04:39:07.402006,17.5,95.7,67,70,57.826
2026-08-16T04:39:08.403119,16.9,95.7,69,70,56.883
2026-08-16T04:39:09.404362,18,95.3,72,71,59.718
2026-08-16T04:39:10.407552,17.2,95.3,76,70,59.321
2026-08-16T04:39:11.409093,17.2,95.3,69,70,58.145
2026-08-16T04:39:12.410239,16.6,94.5,72,70,58.2
2026-08-16T04:39:13.410968,22.6,94.2,70,70,58.475
2026-08-16T04:39:14.412558,18.8,93.7,67,70,57.199
2026-08-16T04:39:15.414117,24.2,93.7,72,70,58.179
2026-08-16T04:39:16.415318,20.9,93.6,73,72,58.21
2026-08-16T04:39:17.416235,21.8,93.7,74,71,63.326
2026-08-16T04:39:18.417379,22,93.6,76,72,63.089
2026-08-16T04:39:19.419296,20,93.7,78,72,64.443
2026-08-16T04:39:20.420903,21.2,93.8,82,72,68.33
2026-08-16T04:39:21.421910,21.5,93.8,70,70,60.061
2026-08-16T04:39:22.422608,22.7,93.7,76,72,64.848
2026-08-16T04:39:23.423682,20,93.7,77,72,62.413
2026-08-16T04:39:24.425864,21.8,93.7,76,71,71.445
2026-08-16T04:39:25.427678,19.4,93.7,68,72,59.509
2026-08-16T04:39:26.429533,22,93.7,72,72,62.942
2026-08-16T04:39:27.431043,21.6,93.8,82,72,66.86
2026-08-16T04:39:28.432134,18.4,93.8,72,73,59.862
2026-08-16T04:39:29.433623,23.9,93.8,75,71,61.533
2026-08-16T04:39:30.434737,19.3,93.8,74,73,62.709
2026-08-16T04:39:31.436177,20.3,93.8,74,73,62.186
2026-08-16T04:39:32.437632,21.3,93.8,74,72,60.955
2026-08-16T04:39:33.438835,22.8,93.8,75,72,59.989
2026-08-16T04:39:34.439784,24.4,93.8,73,71,62.014
2026-08-16T04:39:35.442177,24.4,93.7,71,71,59.357
2026-08-16T04:39:36.443389,19.4,93.7,70,72,58.726
2026-08-16T04:39:37.444660,22.2,93.6,74,72,63.514
2026-08-16T04:39:38.446636,20.2,93.6,76,73,61.728
2026-08-16T04:39:39.448623,19.1,93.6,70,73,49.945
2026-08-16T04:39:40.449538,18.3,93.6,69,71,58.583
2026-08-16T04:39:41.450207,15.8,93.6,77,71,62.111
2026-08-16T04:39:42.451135,19,93.6,79,73,65.926
2026-08-16T04:39:43.452001,22.3,93.7,73,72,62.949
2026-08-16T04:39:44.453468,19.4,93.6,73,72,45.894
2026-08-16T04:39:45.454356,19.5,93.7,67,71,58.62
2026-08-16T04:39:46.455423,18.8,93.7,68,73,57.653
2026-08-16T04:39:47.456826,20.3,93.7,67,71,62.752
2026-08-16T04:39:48.458984,20.2,93.7,70,72,61.203
2026-08-16T04:39:49.460837,20.7,93.7,70,72,50.595
2026-08-16T04:39:50.462399,20.4,93.7,79,73,62.605
2026-08-16T04:39:51.463384,20.3,93.6,76,72,61.325
2026-08-16T04:39:52.465044,19.4,93.7,72,72,61.434
2026-08-16T04:39:53.467797,17.2,93.6,75,73,60.583
2026-08-16T04:39:54.469125,19.7,93.7,80,73,63.203
2026-08-16T04:39:55.470076,19.6,93.6,71,71,59.786
2026-08-16T04:39:56.471094,19.3,93.6,65,72,55.331
2026-08-16T04:39:57.471830,18.3,93.6,64,73,57.047
2026-08-16T04:39:58.473146,19.1,93.6,71,71,57.105
2026-08-16T04:39:59.474335,19.1,93.6,64,71,59.209
2026-08-16T04:40:00.476880,18.4,93.6,79,73,64.568
2026-08-16T04:40:01.478195,18.5,93.6,66,72,55.405
2026-08-16T04:40:02.479593,20.1,93.6,72,71,61.758
2026-08-16T04:40:03.480563,19.7,93.6,68,72,59.041
2026-08-16T04:40:04.481335,19.1,93.6,74,71,61.837
2026-08-16T04:40:05.482513,19.2,93.7,73,71,61.642
2026-08-16T04:40:06.483722,19.5,93.7,57,72,55.962
2026-08-16T04:40:07.485305,18.3,93.7,73,71,60.573
2026-08-16T04:40:08.486034,17.2,93.6,68,71,58.112
2026-08-16T04:40:09.486955,17.3,93.6,63,70,55.815
2026-08-16T04:40:10.488186,17.5,93.6,68,70,56.649
2026-08-16T04:40:11.489055,19,93.5,64,70,53.262
2026-08-16T04:40:12.492143,20.2,93.6,75,71,61.371
2026-08-16T04:40:13.493951,17.7,93.6,82,71,65.595
2026-08-16T04:40:14.495866,20,93.7,77,71,65.104
2026-08-16T04:40:15.497912,22.1,93.9,84,72,67.909
2026-08-16T04:40:16.498750,20.6,93.9,85,72,69.364
2026-08-16T04:40:17.500392,20.1,93.9,75,73,60.687
2026-08-16T04:40:18.502104,20.7,93.9,74,70,64.396
2026-08-16T04:40:19.502762,21.4,93.9,78,73,60.744
2026-08-16T04:40:20.503536,24.9,93.9,73,71,63.477
2026-08-16T04:40:21.505128,27.2,93.9,76,72,63.291
2026-08-16T04:40:22.506351,29.5,94,76,71,61.339
2026-08-16T04:40:23.508362,27.4,94,76,74,63.613
2026-08-16T04:40:24.510077,26.3,94,80,73,67.405
2026-08-16T04:40:25.511507,25.5,94,74,71,63.867
2026-08-16T04:40:26.512716,22.2,94,68,70,56.971
2026-08-16T04:40:27.514126,20,93.9,72,72,60.932
2026-08-16T04:40:28.515623,23.1,94,67,71,61.009
2026-08-16T04:40:29.517017,23.3,94,73,72,60.962
2026-08-16T04:40:30.517889,21.3,94,66,72,60.32
2026-08-16T04:40:31.519076,19.6,94,75,71,63.866
2026-08-16T04:40:32.519969,22.8,94,70,70,60.79
2026-08-16T04:40:33.521105,21.4,94,68,70,54.127
2026-08-16T04:40:34.522295,18.9,94,74,71,62.635
2026-08-16T04:40:35.523759,22.1,94,69,71,61.429
2026-08-16T04:40:36.525667,21.4,93.9,77,70,62.107
2026-08-16T04:40:37.526773,22,94,77,72,63.108
2026-08-16T04:40:38.527784,21,94,73,71,62.253
2026-08-16T04:40:39.529706,21,94,73,73,60.446
2026-08-16T04:40:40.531324,21.4,93.9,74,72,65.473
2026-08-16T04:40:41.533840,21.8,94,77,72,64.023
2026-08-16T04:40:42.534705,21.9,94,65,70,58.926
2026-08-16T04:40:43.535839,19.9,94,69,71,61.561
2026-08-16T04:40:44.537295,19.3,93.9,65,72,55.817
2026-08-16T04:40:45.538708,20.3,94,70,72,63.693
2026-08-16T04:40:46.539596,19.9,94,76,71,60.354
2026-08-16T04:40:47.540850,21.1,94,72,71,59.603
2026-08-16T04:40:48.541998,20.8,93.8,76,70,62.445
2026-08-16T04:40:49.543315,19,93.9,67,70,60.141
2026-08-16T04:40:50.544384,21.2,93.9,73,72,62.001
2026-08-16T04:40:51.545393,20.8,93.9,71,71,61.575
2026-08-16T04:40:52.546366,20.7,93.8,71,71,60.212
2026-08-16T04:40:53.547712,21.7,93.9,72,69,60.163
2026-08-16T04:40:54.548679,19.4,93.9,69,70,60.073
2026-08-16T04:40:55.549801,20.1,93.9,73,70,61.516
2026-08-16T04:40:56.550914,20.3,93.9,76,70,63.326
2026-08-16T04:40:57.552514,23.9,93.9,72,70,36.705
2026-08-16T04:40:58.553744,21.5,93.9,79,71,63.819
2026-08-16T04:40:59.556600,25.3,94.9,79,70,63.781
2026-08-16T04:41:00.557761,25.4,94.9,74,70,62.854
2026-08-16T04:41:01.559159,26.3,95.1,76,71,63.302
2026-08-16T04:41:02.560638,24.2,95,75,72,61.559
2026-08-16T04:41:03.561872,22,96.1,71,70,59.158
2026-08-16T04:41:04.563260,29.5,95.6,65,68,55.598
2026-08-16T04:41:05.564051,21,94.9,73,70,63.341
2026-08-16T04:41:06.565198,19.7,94.9,72,71,61.587
2026-08-16T04:41:07.566883,20.3,94.9,71,70,60.445
2026-08-16T04:41:08.567893,20.9,94.7,78,71,67.881
2026-08-16T04:41:09.569023,19.2,94.5,74,72,61.796
2026-08-16T04:41:10.570526,21.5,94.5,77,71,63.757
2026-08-16T04:41:11.571533,18.3,94.5,74,70,63.253
2026-08-16T04:41:12.572682,18.7,94.5,72,70,56.635
2026-08-16T04:41:13.574132,17.7,94.5,73,69,60.322
2026-08-16T04:41:14.575836,17.5,94.5,72,70,60.412
2026-08-16T04:41:15.577589,20.4,94.5,77,72,65.092
2026-08-16T04:41:16.579454,18.5,94.5,76,71,62.509
2026-08-16T04:41:17.580698,19,94.5,70,71,60.671
2026-08-16T04:41:18.581619,19.7,94.5,71,71,60.262
2026-08-16T04:41:19.582962,20.4,94.5,80,70,63.952
2026-08-16T04:41:20.583831,22.3,94.5,79,71,64.08
2026-08-16T04:41:21.585321,21.6,94.5,75,70,65.188
2026-08-16T04:41:22.586816,20.9,94.5,79,70,44.258
2026-08-16T04:41:23.587688,19.5,94.5,73,70,61.32
2026-08-16T04:41:24.588681,20.6,94.5,77,71,63.137
2026-08-16T04:41:25.589822,21,94.5,81,71,66.344
2026-08-16T04:41:26.590975,21,94.5,71,70,59.628
2026-08-16T04:41:27.592173,19.3,94.5,70,71,59.03
2026-08-16T04:41:28.593615,19.7,94.5,69,70,56.989
2026-08-16T04:41:29.594445,18.6,94.3,65,69,56.66
2026-08-16T04:41:30.595977,20.1,94.2,66,69,56.619
2026-08-16T04:41:31.597162,18.7,94.2,64,69,57.575
2026-08-16T04:41:32.598520,17.2,93.4,68,69,60.196
2026-08-16T04:41:33.599752,18.1,93.3,71,70,59.877
2026-08-16T04:41:34.601289,18,93.4,69,69,62.853
2026-08-16T04:41:35.602510,17.5,93.3,64,68,54.861
2026-08-16T04:41:36.603736,16.3,93.3,69,69,58.344
2026-08-16T04:41:37.604715,17.3,93.3,72,69,58.521
2026-08-16T04:41:38.605389,16.7,93.3,67,68,82.98
2026-08-16T04:41:39.606961,18.4,93.3,63,69,55.577
2026-08-16T04:41:40.608162,18.4,93.3,68,68,55.694
2026-08-16T04:41:41.609290,18.4,93.3,67,68,57.001
2026-08-16T04:41:42.610898,18.6,93.3,69,68,56.633
2026-08-16T04:41:43.611923,18.9,93.3,65,68,57.335
2026-08-16T04:41:44.613480,17.8,93.3,63,68,59.794
2026-08-16T04:41:45.614839,18.6,93.3,70,69,59.148
2026-08-16T04:41:46.617356,20.5,93.3,70,69,59.509
2026-08-16T04:41:47.618576,19.6,93.3,71,71,58.676
2026-08-16T04:41:48.620091,19.7,93.3,72,71,58.635
2026-08-16T04:41:49.621276,20.2,93.2,75,70,58.73
2026-08-16T04:41:50.621941,20.6,93.3,68,69,56.221
2026-08-16T04:41:51.623852,18.9,93.3,77,69,62.505
2026-08-16T04:41:52.625038,19.2,93.3,79,72,62.949
2026-08-16T04:41:53.626855,20.8,93.3,80,72,62.461
2026-08-16T04:41:54.627947,18.6,93.3,70,71,60.072
2026-08-16T04:41:55.629367,19.4,93.3,70,71,58.872
2026-08-16T04:41:56.630606,18.2,93.3,70,70,59.041
2026-08-16T04:41:57.631383,18.1,93.3,73,70,59.42
2026-08-16T04:41:58.632895,18.7,93.3,73,70,59.897
2026-08-16T04:41:59.634171,19.5,93.3,80,71,65.93
2026-08-16T04:42:00.635237,20.8,93.3,79,71,65.743
2026-08-16T04:42:01.636789,18.8,93.3,69,72,60.722
2026-08-16T04:42:02.637905,19,93.3,79,71,61.002
2026-08-16T04:42:03.639328,19.2,93.3,65,69,57.716
2026-08-16T04:42:04.640411,18.3,93.3,75,70,57.09
2026-08-16T04:42:05.642135,19,93.3,69,71,59.605
2026-08-16T04:42:06.643256,18.6,93.3,66,69,56.387
2026-08-16T04:42:07.644297,20,93.3,67,70,58.428
2026-08-16T04:42:08.645230,19.2,93.3,76,71,62.157
2026-08-16T04:42:09.646470,20.5,93.3,69,71,52.794
2026-08-16T04:42:10.647358,20.2,93.4,73,71,61.563
2026-08-16T04:42:11.648411,22.3,94.2,68,71,56.364
2026-08-16T04:42:12.649588,23.1,94.4,69,70,59.103
2026-08-16T04:42:13.651054,24.3,94.5,70,70,58.419
2026-08-16T04:42:14.653314,22.2,94.5,74,70,60.336
2026-08-16T04:42:15.654359,22.1,94.6,75,71,63.989
2026-08-16T04:42:16.655777,26.1,95.7,72,70,58.663
2026-08-16T04:42:17.657057,24.5,94.6,78,71,64.753
2026-08-16T04:42:18.658643,21.6,94.6,76,73,62.636
2026-08-16T04:42:19.660278,21,94.7,76,71,63.734
2026-08-16T04:42:20.661383,20.4,94.7,71,71,57.76
2026-08-16T04:42:21.662683,20.5,94.6,70,71,59.11
2026-08-16T04:42:22.664413,21,94.6,69,72,57.875
2026-08-16T04:42:23.665627,20,94.6,64,70,55.855
2026-08-16T04:42:24.666687,19.2,94.6,73,72,62.723
2026-08-16T04:42:25.667673,21.7,94.6,80,72,63.456
2026-08-16T04:42:26.669269,21.5,94.6,77,73,62.391
2026-08-16T04:42:27.670618,20.4,94.6,77,70,61.12
2026-08-16T04:42:28.671593,21.5,94.6,78,71,61.929
2026-08-16T04:42:29.673180,19.5,94.6,73,73,62.065
2026-08-16T04:42:30.674630,22.2,94.6,74,71,62.244
2026-08-16T04:42:31.675790,22.2,94.6,78,72,64.299
2026-08-16T04:42:32.676734,22.5,94.6,76,73,65.304
2026-08-16T04:42:33.677824,20.9,94.6,77,72,63.553
2026-08-16T04:42:34.680036,20,94.5,72,72,62.511
2026-08-16T04:42:35.682142,22.8,94.6,76,72,65.935
2026-08-16T04:42:36.683824,21.8,94.6,83,73,66.986
2026-08-16T04:42:37.685008,20.4,94.6,83,73,66.201
2026-08-16T04:42:38.686898,19,94.6,69,72,56.579
2026-08-16T04:42:39.689119,20.2,94.6,73,71,62.449
2026-08-16T04:42:40.690601,21.9,94.6,74,73,61.165
2026-08-16T04:42:41.691722,22.4,94.3,66,72,57.215
2026-08-16T04:42:42.692576,19.7,94.2,64,73,56.027
2026-08-16T04:42:43.693766,18.5,94.2,72,73,60.485
2026-08-16T04:42:44.695479,19.1,94.2,79,72,64.785
2026-08-16T04:42:45.696301,19.2,93.4,76,72,64.626
2026-08-16T04:42:46.697650,18.1,93.4,76,71,61.934
2026-08-16T04:42:47.698654,18.6,93.4,66,71,57.337
2026-08-16T04:42:48.699703,16.5,93.4,68,70,57.864
2026-08-16T04:42:49.700714,16.1,93.4,63,71,57.088
2026-08-16T04:42:50.701886,15.8,93.4,65,70,55.559
2026-08-16T04:42:51.702980,14,93.4,66,70,56.887
2026-08-16T04:42:52.704311,15.5,93.4,65,70,57.374
2026-08-16T04:42:53.705472,16.9,93.5,67,72,60.726
2026-08-16T04:42:54.707314,17,93.5,69,72,59.503
2026-08-16T04:42:55.708442,17.7,93.4,76,71,62.877
2026-08-16T04:42:56.709377,15.8,93.4,75,72,61.176
2026-08-16T04:42:57.710837,15.5,93.4,72,71,54.143
2026-08-16T04:42:58.711658,16.3,93.5,63,70,55.016
2026-08-16T04:42:59.712823,16,93.5,60,70,53.885
2026-08-16T04:43:00.716465,16,93.6,62,70,54.97
2026-08-16T04:43:01.717764,16.4,93.5,61,69,55.527
2026-08-16T04:43:02.718743,15.6,93.5,64,71,63.803
2026-08-16T04:43:03.719437,15.1,93.5,62,71,54.469
2026-08-16T04:43:04.720566,16.7,93.5,62,71,54.685
2026-08-16T04:43:05.721810,16.7,93.4,66,70,55.467
2026-08-16T04:43:06.722665,15,93.4,73,71,58.588
2026-08-16T04:43:07.723954,16.8,93.5,75,72,63.277
2026-08-16T04:43:08.724751,17.4,93.5,78,72,61.324
2026-08-16T04:43:09.725503,19.4,93.5,73,70,60.323
2026-08-16T04:43:10.726869,18,93.3,62,70,53.929
2026-08-16T04:43:11.727815,16.5,93.3,61,70,54.855
2026-08-16T04:43:12.728691,15.8,93.3,64,69,53.616
2026-08-16T04:43:13.730140,17.1,93.3,67,70,57.121
2026-08-16T04:43:14.730861,16.9,93.3,72,71,61.24
2026-08-16T04:43:15.732039,16.6,93.3,67,71,56.781
2026-08-16T04:43:16.733349,16,93.3,81,71,70.346
2026-08-16T04:43:17.735554,22.6,94.3,79,72,66.311
2026-08-16T04:43:18.736688,23,94.1,82,71,63.319
2026-08-16T04:43:19.737772,22,94.1,76,73,63.054
2026-08-16T04:43:20.739244,26.2,94.4,76,71,60.578
2026-08-16T04:43:21.740311,35.4,94.7,78,72,61.499
2026-08-16T04:43:22.741384,29.9,94.8,72,71,62.658
2026-08-16T04:43:23.742639,27.2,94.8,79,73,64.229
2026-08-16T04:43:24.743591,42.5,95.6,76,72,64.855
2026-08-16T04:43:25.745745,23,95.6,72,72,63.136
2026-08-16T04:43:26.746742,27.9,95.8,69,73,61.252
2026-08-16T04:43:27.748357,27.8,97.8,68,73,60.551
2026-08-16T04:43:28.749583,29.5,96,68,73,60.41
2026-08-16T04:43:29.751032,26.5,96.1,65,73,58.686
2026-08-16T04:43:30.752643,25,96.3,78,73,61.873
2026-08-16T04:43:31.754631,26,96.2,72,72,63.027
2026-08-16T04:43:32.755615,22.3,96.5,72,73,62.182
2026-08-16T04:43:33.756983,25.8,96.4,70,73,62.1
2026-08-16T04:43:34.758159,24.8,96.3,76,72,62.007
2026-08-16T04:43:35.759356,24.9,96.3,75,72,61.244
2026-08-16T04:43:36.760400,19.7,96.2,74,72,60.707
2026-08-16T04:43:37.761482,21.3,96.2,73,72,61.984
2026-08-16T04:43:38.763096,20.7,96.2,72,71,63.236
2026-08-16T04:43:39.764919,20.2,96.2,69,73,62.316
2026-08-16T04:43:40.766481,21.3,96.2,73,73,61.591
2026-08-16T04:43:41.767824,20.3,96.2,75,72,63.751
2026-08-16T04:43:42.771545,25.1,96.2,80,71,60.99
2026-08-16T04:43:43.774388,22.1,96.5,75,72,64.189
2026-08-16T04:43:44.775475,26.9,97.8,78,74,63.91
2026-08-16T04:43:45.776903,30.9,96.3,72,71,59.533
2026-08-16T04:43:46.778416,28.7,96.3,77,72,64.136
2026-08-16T04:43:47.780393,24.2,96.2,67,71,57.518
2026-08-16T04:43:48.781341,22.3,96.1,73,71,62
2026-08-16T04:43:49.783899,21.8,96.9,69,70,60.075
2026-08-16T04:43:50.785133,22.1,96.3,71,71,59.262
2026-08-16T04:43:51.786127,23.1,96.5,64,71,59.331
2026-08-16T04:43:52.787042,20,96.8,77,71,57.601
2026-08-16T04:43:53.788149,20.6,96.8,71,71,59.813
2026-08-16T04:43:54.789458,21.1,96.8,72,72,60.673
2026-08-16T04:43:55.791207,23.3,96.9,23,65,46.382
2026-08-16T04:43:56.792249,20.4,95.6,71,71,59.839
2026-08-16T04:43:57.794037,22.1,95.5,75,71,62.309
2026-08-16T04:43:58.795811,22.1,95.6,74,71,63.181
2026-08-16T04:43:59.797777,21.2,95.6,82,72,62.025
2026-08-16T04:44:00.799524,18.5,95.5,69,72,63.27
2026-08-16T04:44:01.800972,20.9,95.6,72,71,62.749
2026-08-16T04:44:02.802486,21.4,95.6,68,70,59.491
2026-08-16T04:44:03.803897,20.8,95.6,71,71,60.898
2026-08-16T04:44:04.805783,22.2,95.5,71,70,60.224
2026-08-16T04:44:05.806908,22.7,95.6,67,72,60.258
2026-08-16T04:44:06.808313,19.5,95.5,74,71,61.989
2026-08-16T04:44:07.809866,20.8,95.6,67,71,59.609
2026-08-16T04:44:08.811717,21.4,95.5,64,71,57.928
2026-08-16T04:44:09.813131,21.1,95.5,66,70,59.491
2026-08-16T04:44:10.814150,20.7,95.4,77,71,61.158
2026-08-16T04:44:11.815640,20.9,95.5,73,70,60.689
2026-08-16T04:44:12.817017,20.7,95.4,73,70,61.8
2026-08-16T04:44:13.817907,19.7,95.4,70,72,58.512
2026-08-16T04:44:14.818765,20.9,95.4,72,70,61.879
2026-08-16T04:44:15.820408,21.6,95.4,73,70,61.282
2026-08-16T04:44:16.821550,20.1,95.4,66,72,60.673
2026-08-16T04:44:17.823130,21,95.4,61,70,61.471
2026-08-16T04:44:18.824828,20.4,95.4,75,72,62.856
2026-08-16T04:44:19.826146,19.1,95.4,73,72,60.752
2026-08-16T04:44:20.827275,20.9,95.4,66,69,60.016
2026-08-16T04:44:21.828820,20.3,95.3,72,70,60.334
2026-08-16T04:44:22.830094,21.6,95.4,45,70,46.334
2026-08-16T04:44:23.831174,22.4,95.2,74,70,61.024
2026-08-16T04:44:24.833102,21.8,95.2,73,70,61.591
2026-08-16T04:44:25.834287,18.3,95.2,70,71,60.778
2026-08-16T04:44:26.835466,20.7,95.2,77,70,61.711
2026-08-16T04:44:27.837500,19.9,95.2,79,71,61.536
2026-08-16T04:44:28.838600,21.5,95.2,75,70,61.921
2026-08-16T04:44:29.841629,20.1,95.2,76,71,62.585
2026-08-16T04:44:30.843855,16.8,95.2,70,70,62.075
2026-08-16T04:44:31.847821,16.7,95.2,74,72,63.451
2026-08-16T04:44:32.848606,17.1,95.2,70,70,62.771
2026-08-16T04:44:33.849566,17.1,95.2,74,71,71.831
2026-08-16T04:44:34.850349,19.1,95.2,74,71,63.506
2026-08-16T04:44:35.851981,16.5,95.2,78,71,64.475
2026-08-16T04:44:36.854665,16.5,95.2,74,72,63.156
2026-08-16T04:44:37.856373,16.5,95.2,76,71,63.054
2026-08-16T04:44:38.858126,22.1,95.2,75,71,63.645
2026-08-16T04:44:39.858999,17.1,95.2,77,71,67.384
2026-08-16T04:44:40.860628,18.6,95.3,73,72,62.512
2026-08-16T04:44:41.861541,14.1,95.3,77,71,60.105
2026-08-16T04:44:42.862390,16.9,95.3,73,71,64.65
2026-08-16T04:44:43.864962,17.7,95.2,75,69,64.105
2026-08-16T04:44:44.866350,20.4,95.4,82,73,90.07
2026-08-16T04:44:45.867283,18,95.4,77,70,63.251
2026-08-16T04:44:46.868251,19.9,95.4,80,72,67.648
2026-08-16T04:44:47.869444,17.4,95.4,78,71,64.969
2026-08-16T04:44:48.871540,19.3,95.3,77,72,63.962
2026-08-16T04:44:49.873299,19.5,95.3,77,71,65.389
2026-08-16T04:44:50.874062,20,95.3,79,71,66.492
2026-08-16T04:44:51.875122,19.3,95.4,76,71,64.383
2026-08-16T04:44:52.877300,21.9,95.3,80,72,67.337
2026-08-16T04:44:53.878894,21.1,95.4,78,71,64.424
2026-08-16T04:44:54.879988,19.6,95.4,66,69,57.877
2026-08-16T04:44:55.881404,19.6,95.4,69,70,57.101
2026-08-16T04:44:56.882522,19.5,95.4,69,70,60.025
2026-08-16T04:44:57.883492,21.5,95.5,67,71,57.703
2026-08-16T04:44:58.884645,18.9,95.4,70,69,56.688
2026-08-16T04:44:59.886052,20.1,95.4,76,71,62.178
2026-08-16T04:45:00.887088,19.9,95.4,72,70,81.121
2026-08-16T04:45:01.888842,21.1,95.4,70,71,65.623
2026-08-16T04:45:02.889854,21.9,95.4,72,70,60.936
2026-08-16T04:45:03.890931,23.6,96.4,81,71,64.969
2026-08-16T04:45:04.892335,24.6,96.3,78,72,62.441
2026-08-16T04:45:05.893733,22.3,96.5,77,71,63.276
2026-08-16T04:45:06.895113,21.6,96.5,78,72,63.441
2026-08-16T04:45:07.896768,23.9,97.5,76,71,64.828
2026-08-16T04:45:08.898624,27.3,97,63,69,60.146
2026-08-16T04:45:09.900256,19.8,96.7,61,69,54.109
2026-08-16T04:45:10.900899,20.6,96.6,63,71,51.259
2026-08-16T04:45:11.901758,20,96.5,73,71,62.001
2026-08-16T04:45:12.903031,24.4,96.6,79,71,64.896
2026-08-16T04:45:13.904366,20.5,96.6,72,71,61.694
2026-08-16T04:45:14.906695,20.4,96.5,78,72,63.329
2026-08-16T04:45:15.907571,20.8,96.5,56,70,54.463
2026-08-16T04:45:16.908637,22.9,96.5,71,71,59.361
2026-08-16T04:45:17.909902,20.5,96.5,81,73,63.917
2026-08-16T04:45:18.910588,22.8,96.5,76,70,63.24
2026-08-16T04:45:19.911920,20.2,96.5,74,71,63.79
2026-08-16T04:45:20.913579,19.6,96.4,73,71,63.744
2026-08-16T04:45:21.914376,20.6,96.5,82,71,65.636
2026-08-16T04:45:22.915474,19.4,96.4,69,69,57.855
2026-08-16T04:45:23.916558,19.5,96.4,71,69,59.623
2026-08-16T04:45:24.918165,19,96.4,72,70,59.699
2026-08-16T04:45:25.919983,18.9,96.4,69,71,59.199
2026-08-16T04:45:26.921035,20.5,96.4,65,70,58.154
2026-08-16T04:45:27.922122,18.8,96.4,67,70,57.947
2026-08-16T04:45:28.923234,20.5,96.4,67,68,57.47
2026-08-16T04:45:29.924678,35.5,96.4,64,70,55.552
2026-08-16T04:45:30.926181,22.2,96.5,68,70,56.254
2026-08-16T04:45:31.927628,15.4,96.5,67,68,57.455
2026-08-16T04:45:32.928811,20.5,96.5,76,71,74.556
2026-08-16T04:45:33.930209,21.4,96.1,68,70,59.005
2026-08-16T04:45:34.931418,22.5,96,76,71,61.126
2026-08-16T04:45:35.932548,19.8,96.1,75,69,59.872
2026-08-16T04:45:36.933710,20.3,96.1,67,69,55.692
2026-08-16T04:45:37.934925,21.7,96.1,68,69,57.16
2026-08-16T04:45:38.936116,18.9,96.1,63,69,55.049
2026-08-16T04:45:39.937385,19.6,96.1,63,68,53.275
2026-08-16T04:45:40.938580,19.1,96.1,66,68,55.57
2026-08-16T04:45:41.939490,21.1,96.1,65,68,56.24
2026-08-16T04:45:42.940674,17.1,96.1,61,69,54.911
2026-08-16T04:45:43.941659,21.2,96.1,67,68,57.712
2026-08-16T04:45:44.943012,18.3,96.1,71,71,59.946
2026-08-16T04:45:45.944466,19.3,96.1,77,69,58.739
2026-08-16T04:45:46.945127,19.9,96.1,71,68,58.732
2026-08-16T04:45:47.946148,19.3,96.1,77,69,61.816
2026-08-16T04:45:48.947788,18.5,96.1,65,67,54.996
2026-08-16T04:45:49.948828,18.2,96.1,70,69,58.514
2026-08-16T04:45:50.949804,20.9,96.1,65,69,55.082
2026-08-16T04:45:51.951111,16.3,96,64,68,53.849
2026-08-16T04:45:52.952429,17.3,96,57,67,52.686
2026-08-16T04:45:53.953860,18.2,96.1,73,68,57.233
2026-08-16T04:45:54.955837,21.9,96.2,66,68,57.623
2026-08-16T04:45:55.957289,20.1,96.1,69,69,57.851
2026-08-16T04:45:56.958696,21.1,96.2,71,70,58.938
2026-08-16T04:45:57.959672,19.7,96.1,67,70,55.312
2026-08-16T04:45:58.961000,22,96.2,61,69,51.605
2026-08-16T04:45:59.962175,19,96.1,66,70,57.727
2026-08-16T04:46:00.963169,19.8,95.3,70,71,59.943
2026-08-16T04:46:01.965093,20.8,95.3,67,69,59.2
2026-08-16T04:46:02.966303,20.8,95.4,71,69,59.426
2026-08-16T04:46:03.967561,21.6,95.3,62,69,56.337
2026-08-16T04:46:04.968903,21.3,95.2,74,71,61.705
2026-08-16T04:46:05.970403,20.9,95.2,71,69,60.323
2026-08-16T04:46:06.972081,19.2,95.3,69,69,56.241
2026-08-16T04:46:07.973395,18,95.3,63,69,52.239
2026-08-16T04:46:08.974128,19.8,95.3,64,69,54.924
2026-08-16T04:46:09.975137,19.3,95.3,67,69,58.327
2026-08-16T04:46:10.977119,20.1,95.3,74,72,59.896
2026-08-16T04:46:11.979237,20.5,95.3,75,70,61.997
2026-08-16T04:46:12.980705,19.6,95.3,69,70,60.101
2026-08-16T04:46:13.982308,21,95.1,72,70,61.471
2026-08-16T04:46:14.984161,20.2,95.1,71,69,60.94
2026-08-16T04:46:15.986324,22.2,95.1,75,70,63.756
2026-08-16T04:46:16.987320,24.8,96.1,74,70,60.978
2026-08-16T04:46:17.988678,26,96.1,67,70,59.473
2026-08-16T04:46:18.989832,24.4,96.3,70,72,59.016
2026-08-16T04:46:19.991442,23.1,96.4,71,70,60.609
2026-08-16T04:46:20.992640,25.2,97.4,67,71,56.396
2026-08-16T04:46:21.994244,26.8,96.5,72,70,60.081
2026-08-16T04:46:22.995210,18.7,96.4,70,70,60.399
2026-08-16T04:46:23.996111,18.4,96.3,68,70,56.882
2026-08-16T04:46:24.997265,20.5,96.3,72,71,61.177
2026-08-16T04:46:25.998363,20,96.3,71,70,62.368
2026-08-16T04:46:27.000044,18.5,96.3,75,71,64.198
2026-08-16T04:46:28.001107,20.1,96.3,76,71,57.925
2026-08-16T04:46:29.003077,19.2,96.3,77,72,64.723
2026-08-16T04:46:30.003873,20.9,96.3,70,71,59.728
2026-08-16T04:46:31.005732,19.6,96.3,64,71,57.741
2026-08-16T04:46:32.007193,19.7,96.4,71,71,58.755
2026-08-16T04:46:33.008857,20.6,96.3,72,71,52.591
2026-08-16T04:46:34.011001,20.5,96.3,70,70,59.81
2026-08-16T04:46:35.012006,19.6,96.3,68,72,58.835
2026-08-16T04:46:36.012978,21.8,96.4,70,70,61.459
2026-08-16T04:46:37.013934,20.6,96.4,73,70,59.129
2026-08-16T04:46:38.014975,20.3,96.4,75,72,64.802
2026-08-16T04:46:39.016498,19,96.4,70,71,59.189
2026-08-16T04:46:40.017612,21.7,96.4,76,72,62.23
2026-08-16T04:46:41.018457,21.2,96.5,75,72,51.082
2026-08-16T04:46:42.019640,19.4,96.6,76,72,63.304
2026-08-16T04:46:43.020749,20.2,96.6,73,72,56.938
2026-08-16T04:46:44.021765,21.9,96.5,70,71,60.534
2026-08-16T04:46:45.023026,20,96.5,66,71,55.951
2026-08-16T04:46:46.024065,19.1,96.5,69,71,95.054
2026-08-16T04:46:47.025584,18.9,96.2,62,69,53.418
2026-08-16T04:46:48.027941,20.9,96.2,68,70,56.828
2026-08-16T04:46:49.029502,18.1,96.2,61,69,53.451
2026-08-16T04:46:50.030308,19.5,95.4,61,71,54.678
2026-08-16T04:46:51.031712,22.3,95.4,66,71,59.212
2026-08-16T04:46:52.033058,18.8,95.5,65,69,55.899
2026-08-16T04:46:53.034075,20.5,95.5,57,71,51.363
2026-08-16T04:46:54.035762,22,95.5,65,70,57.127
2026-08-16T04:46:55.036826,21.1,95.4,67,71,56.712
2026-08-16T04:46:56.037636,20.9,95.4,59,71,56.406
2026-08-16T04:46:57.039343,20.7,95.4,63,71,55.432
2026-08-16T04:46:58.040824,20.9,95.4,73,70,63.227
2026-08-16T04:46:59.042140,19.4,95.5,67,71,62.484
2026-08-16T04:47:00.043365,21.8,95.5,66,69,54.343
2026-08-16T04:47:01.044262,21.3,95.5,70,70,59.462
2026-08-16T04:47:02.045070,21.4,95.4,65,72,57.895
2026-08-16T04:47:03.046710,22.2,95.4,78,72,60.461
2026-08-16T04:47:04.047887,20.1,95.4,80,71,63.888
2026-08-16T04:47:05.049197,21.9,95.4,72,72,57.804
2026-08-16T04:47:06.050318,19.6,95.4,63,69,65.074
2026-08-16T04:47:07.051389,20.7,95.4,62,71,54.554
2026-08-16T04:47:08.052313,17.8,95.4,62,70,55.229
2026-08-16T04:47:09.053381,17.8,95.4,62,69,54.641
2026-08-16T04:47:10.054735,21.5,95.4,63,70,55.717
2026-08-16T04:47:11.055925,20.2,95.5,67,70,56.869
2026-08-16T04:47:12.057152,19.5,95.5,65,70,56.49
2026-08-16T04:47:13.058392,22.1,95.9,65,69,55.634
2026-08-16T04:47:14.059519,22.5,96.1,60,68,55.548
2026-08-16T04:47:15.061312,27.5,96.2,42,69,43.891
2026-08-16T04:47:16.063405,23.3,96,69,69,58.811
2026-08-16T04:47:17.064611,22.2,96.1,65,69,55.755
2026-08-16T04:47:18.066100,23.6,96.1,62,69,55.095
2026-08-16T04:47:19.067362,20.6,96,54,70,51.317
2026-08-16T04:47:20.068572,21.3,95.7,63,71,50.626
2026-08-16T04:47:21.069447,20.4,95.7,63,70,67.956
2026-08-16T04:47:22.070217,17.6,95.7,62,70,54.883
2026-08-16T04:47:23.071182,18.7,95.7,64,70,57.524
2026-08-16T04:47:24.072323,21.1,95.7,61,70,55.073
2026-08-16T04:47:25.073470,20.3,95.7,58,69,59.204
2026-08-16T04:47:26.074764,19.1,95.7,63,70,55.207
2026-08-16T04:47:27.076916,18.9,95.7,62,70,54.879
2026-08-16T04:47:28.078094,22.9,95.7,59,69,53.958
2026-08-16T04:47:29.078931,25.5,95.8,72,70,60.54
2026-08-16T04:47:30.080627,31.9,95.8,71,71,60.528
2026-08-16T04:47:31.082587,23.4,96,66,71,63.479
2026-08-16T04:47:32.083552,12.2,95.9,68,70,57.785
2026-08-16T04:47:33.084667,20.7,95.9,69,73,59.316
2026-08-16T04:47:34.086487,18.8,95.9,77,71,60.105
2026-08-16T04:47:35.087718,19.8,95.9,74,72,64.073
2026-08-16T04:47:36.088926,18.7,95.9,88,73,71.528
2026-08-16T04:47:37.090203,20.2,96,81,73,67.08
2026-08-16T04:47:38.091429,19.2,96,85,72,71.396
2026-08-16T04:47:39.092494,19.7,95.9,79,73,69.054
2026-08-16T04:47:40.094235,20.9,95.9,81,73,66.894
2026-08-16T04:47:41.095351,26.8,95.5,19,71,55.454
2026-08-16T04:47:42.097093,10.6,95.5,76,73,67.9
2026-08-16T04:47:43.098532,13.9,95.5,74,72,66.19
2026-08-16T04:47:44.099581,14.6,95.6,73,73,66.162
2026-08-16T04:47:45.100717,15.5,95.6,74,73,66.319
2026-08-16T04:47:46.101825,15.1,95.6,75,72,66.683
2026-08-16T04:47:47.103142,15.8,95.6,73,73,65.956
2026-08-16T04:47:48.104175,15.6,95.6,74,72,65.829
2026-08-16T04:47:49.105584,15.4,95.6,74,74,66.345
2026-08-16T04:47:50.106973,18,95.6,73,72,65.056
2026-08-16T04:47:51.107961,17.7,95.6,74,72,65.292
2026-08-16T04:47:52.109636,22.4,96.4,74,75,66.911
2026-08-16T04:47:53.110588,23.4,96.6,81,75,71.866
2026-08-16T04:47:54.111740,25.5,96.7,74,73,62.418
2026-08-16T04:47:55.113378,23.3,96.7,72,73,64.882
2026-08-16T04:47:56.114571,19.8,96.7,72,73,66.925
2026-08-16T04:47:57.116505,25.1,97.4,75,73,64.586
2026-08-16T04:47:58.118204,21.8,96.6,73,73,66.45
2026-08-16T04:47:59.119303,18.4,96.6,76,73,67.304
2026-08-16T04:48:00.121056,17,96.6,77,73,66.163
2026-08-16T04:48:01.122383,17.6,96.5,80,73,69.603
2026-08-16T04:48:02.123228,19.6,96.5,74,73,66.393
2026-08-16T04:48:03.124353,18.4,96.5,75,73,67.453
2026-08-16T04:48:04.125970,18.6,96.5,73,73,65.174
2026-08-16T04:48:05.127653,18.1,96.5,76,73,66.312
2026-08-16T04:48:06.129181,21.5,96.5,74,73,67.212
2026-08-16T04:48:07.130858,20.3,96.4,76,73,66.077
2026-08-16T04:48:08.132402,21.3,96.6,74,72,66.463
2026-08-16T04:48:09.133706,21.3,96.6,75,74,71.241
2026-08-16T04:48:10.134755,21.7,96.5,81,73,70.776
2026-08-16T04:48:11.135869,20.2,96.5,80,74,70.244
2026-08-16T04:48:12.137230,23.4,96.6,81,73,70.796
2026-08-16T04:48:13.138530,20.3,96.5,82,74,70.08
2026-08-16T04:48:14.139471,19.9,96.5,82,74,70.54
2026-08-16T04:48:15.140534,20.1,96.5,81,73,70.188
2026-08-16T04:48:16.141737,20.8,96.5,82,75,71.841
2026-08-16T04:48:17.142638,21.8,96.4,82,73,70.807
2026-08-16T04:48:18.143372,20.1,97,80,74,70.757
2026-08-16T04:48:19.144445,19.3,96.6,86,73,74.803
2026-08-16T04:48:20.145296,22.6,96.6,81,74,74.148
2026-08-16T04:48:21.147765,20.3,96.6,81,73,70.102
2026-08-16T04:48:22.148928,20.2,96.3,80,74,69.697
2026-08-16T04:48:23.150403,21.4,96.2,86,75,73.306
2026-08-16T04:48:24.151851,19.8,96.2,80,75,70.312
2026-08-16T04:48:25.153389,20.4,96.2,79,73,70.943
2026-08-16T04:48:26.155086,22.3,95.4,79,73,69.682
2026-08-16T04:48:27.156818,21.3,95.4,80,73,69.924
2026-08-16T04:48:28.158263,18.5,95.5,81,73,69.236
2026-08-16T04:48:29.160037,22.2,95.4,82,73,74.031
2026-08-16T04:48:30.162004,18.7,95.4,80,74,68.885
2026-08-16T04:48:31.162971,22.6,95.4,79,74,70.087
2026-08-16T04:48:32.164222,18.9,95.4,83,73,70.516
2026-08-16T04:48:33.165366,20.5,95.4,76,74,66.989
2026-08-16T04:48:34.167590,21.1,95.4,76,73,67.621
2026-08-16T04:48:35.168995,25,95.4,69,73,58.388
2026-08-16T04:48:36.169635,20.7,95.4,67,72,58.691
2026-08-16T04:48:37.170545,23,95.4,62,70,57.351
2026-08-16T04:48:38.171740,17.6,95.4,60,70,54.418
2026-08-16T04:48:39.173136,18.9,96.5,66,71,55.387
2026-08-16T04:48:40.174076,25.5,96.7,76,71,63.511
2026-08-16T04:48:41.175103,21.9,96.8,69,71,59.262
2026-08-16T04:48:42.177014,25.3,96.6,67,69,55.735
2026-08-16T04:48:43.178406,30,97,75,71,58.242
2026-08-16T04:48:44.182117,30.9,96.9,68,72,58.805
2026-08-16T04:48:45.183227,29.2,96.8,66,72,58.505
2026-08-16T04:48:46.184090,25.2,96.7,64,70,56.865
2026-08-16T04:48:47.185499,21.2,96.8,65,70,55.716
2026-08-16T04:48:48.186827,22.4,96.7,66,70,54.299
2026-08-16T04:48:49.187819,22.6,96.4,67,70,56.749
2026-08-16T04:48:50.189497,21.2,96.6,65,71,57.906
2026-08-16T04:48:51.190478,22.8,96.4,60,70,55.675
2026-08-16T04:48:52.191457,18.7,96.4,54,69,55.695
2026-08-16T04:48:53.192718,19.6,96.4,68,71,56.741
2026-08-16T04:48:54.193694,22.1,96.7,78,71,60.812
2026-08-16T04:48:55.194453,22,96.6,70,71,59.412
2026-08-16T04:48:56.196093,23.7,96.4,66,72,59.177
2026-08-16T04:48:57.197331,21.5,96.4,64,71,58.605
2026-08-16T04:48:58.198481,22.1,96.4,70,71,58.499
2026-08-16T04:48:59.199748,20.7,96.5,63,69,54.847
2026-08-16T04:49:00.201521,21.6,96.4,64,70,55.29
2026-08-16T04:49:01.203287,20.9,96.4,73,70,63.166
2026-08-16T04:49:02.204564,24.2,96.4,66,70,57.236
2026-08-16T04:49:03.206636,25.4,96.4,67,70,59.085
2026-08-16T04:49:04.207474,23,96.4,63,70,55.86
2026-08-16T04:49:05.208637,21.9,96.4,61,70,54.924
2026-08-16T04:49:06.209318,21.2,96.5,60,70,55.17
2026-08-16T04:49:07.209993,20.9,96.4,64,70,56.556
2026-08-16T04:49:08.211719,25,96.5,73,70,57.834
2026-08-16T04:49:09.212606,23.3,96.1,72,70,59.434
2026-08-16T04:49:10.213562,24.7,96.1,62,71,58.477
2026-08-16T04:49:11.215306,22,96.1,66,71,57.698
2026-08-16T04:49:12.217346,21.5,95.3,65,69,55.691
2026-08-16T04:49:13.218308,21.1,95.3,69,70,56.787
2026-08-16T04:49:14.219207,18.6,95.3,63,70,55.042
2026-08-16T04:49:15.220173,18.8,95.3,58,70,54.408
2026-08-16T04:49:16.221553,17.7,95.3,59,69,52.487
2026-08-16T04:49:17.222190,18.3,95.3,62,70,54.655
2026-08-16T04:49:18.223279,17.9,95.3,55,68,51.617
2026-08-16T04:49:19.224462,19.6,95.2,73,70,59.638
2026-08-16T04:49:20.226654,18.2,95.3,63,71,56.908
2026-08-16T04:49:21.227725,18.8,95.3,64,69,55.588
2026-08-16T04:49:22.228807,20.7,95.4,64,68,55.609
2026-08-16T04:49:23.229886,23.9,95.5,63,70,53.846
2026-08-16T04:49:24.230944,22.6,95.5,64,69,55.729
2026-08-16T04:49:25.232235,23.9,95.5,72,70,58.222
2026-08-16T04:49:26.233074,23.4,95.5,65,70,63.709
2026-08-16T04:49:27.234396,20.8,95.5,62,71,54.433
2026-08-16T04:49:28.235463,19.3,95.5,61,70,54.627
2026-08-16T04:49:29.236691,19.1,95.5,63,68,52.83
2026-08-16T04:49:30.237628,17.7,95.5,63,69,54.69
2026-08-16T04:49:31.238449,17.7,95.5,68,69,57.403
2026-08-16T04:49:32.239830,20.4,95.5,67,70,54.743
2026-08-16T04:49:33.241959,20,95.5,66,70,56.519
2026-08-16T04:49:34.243423,21.4,95.5,69,70,57.894
2026-08-16T04:49:35.244128,20.8,95.5,63,69,22.242
2026-08-16T04:49:36.245395,20.3,95.5,63,69,55.218
2026-08-16T04:49:37.246085,19.2,95.5,62,69,53.373
2026-08-16T04:49:38.247265,19.9,95.5,62,69,54.962
2026-08-16T04:49:39.249087,18.6,95.5,63,68,54.688
2026-08-16T04:49:40.250183,20.8,95.3,59,69,50.982
2026-08-16T04:49:41.251457,18.6,95.3,70,71,59.66
2026-08-16T04:49:42.252432,20,95.4,68,69,56.448
2026-08-16T04:49:43.254271,20.4,95.3,68,68,58.414
2026-08-16T04:49:44.255555,18.4,95.3,62,69,55.128
2026-08-16T04:49:45.256608,18.6,95.4,61,69,54.261
2026-08-16T04:49:46.258424,19,95.3,63,69,54.161
2026-08-16T04:49:47.259322,18.8,95.3,68,68,57.295
2026-08-16T04:49:48.260879,19.1,95.3,64,68,55.641
2026-08-16T04:49:49.261957,18.8,95.3,65,68,56.929
2026-08-16T04:49:50.263030,18.9,95.3,63,68,55.871
2026-08-16T04:49:51.264593,17.3,95.3,62,67,53.519
2026-08-16T04:49:52.265876,18.9,95.3,59,68,53.185
2026-08-16T04:49:53.267168,22.5,95.4,67,68,57.472
2026-08-16T04:49:54.268407,23.9,95.4,70,69,60.529
2026-08-16T04:49:55.269189,22.1,95.4,73,68,60.194
2026-08-16T04:49:56.270138,22.3,95.3,67,70,59.893
2026-08-16T04:49:57.271764,22.6,95.3,61,68,52.388
2026-08-16T04:49:58.273038,21.1,95.3,62,70,54.122
2026-08-16T04:49:59.274540,22,95.3,62,70,55.874
2026-08-16T04:50:00.275228,18.7,95.3,59,68,53.583
2026-08-16T04:50:01.276095,19.9,95.3,63,68,54.249
2026-08-16T04:50:02.277144,20.3,95.3,61,68,53.869
2026-08-16T04:50:03.277826,19.4,95.3,64,68,56.31
2026-08-16T04:50:04.278947,19.5,95.3,68,69,57.852
2026-08-16T04:50:05.279884,19.2,95.3,66,69,57.435
2026-08-16T04:50:06.281460,21.8,95.3,64,69,57.124
2026-08-16T04:50:07.283032,18.6,95.3,62,69,56.137
2026-08-16T04:50:08.284267,20.7,95.4,64,70,58.287
2026-08-16T04:50:09.286802,20,95.3,72,70,58.309
2026-08-16T04:50:10.287896,20.9,95.3,62,69,53.272
2026-08-16T04:50:11.289042,19.9,95.3,66,69,60.317
2026-08-16T04:50:12.289761,24.4,95.3,64,69,55.139
2026-08-16T04:50:13.290594,23.2,95.4,62,69,54.629
2026-08-16T04:50:14.292513,21.6,95.5,58,69,54.34
2026-08-16T04:50:15.293467,21.9,95.4,59,71,54.543
2026-08-16T04:50:16.294787,22.4,95.4,64,69,60.886
2026-08-16T04:50:17.296006,21,95.4,58,70,55.12
2026-08-16T04:50:18.297343,19.1,95.4,61,70,56.477
2026-08-16T04:50:19.298201,20.2,95.3,63,69,56.834
2026-08-16T04:50:20.299985,17.8,95.3,59,70,55.124
2026-08-16T04:50:21.301054,19.3,95.3,72,71,60.066
2026-08-16T04:50:22.301876,19,95.3,66,69,57.385
2026-08-16T04:50:23.303663,19.3,95.3,66,69,61.925
2026-08-16T04:50:24.305987,21.5,95.4,62,69,56.988
2026-08-16T04:50:25.307038,21.2,95.3,69,70,57.916
2026-08-16T04:50:26.308592,21.6,95.3,66,69,57.497
2026-08-16T04:50:27.310080,20.3,95.3,71,71,61.231
2026-08-16T04:50:28.310967,18.7,95.3,65,69,55.985
2026-08-16T04:50:29.312400,20,95.3,74,70,59.76
2026-08-16T04:50:30.314100,21.9,95.3,64,71,59.099
2026-08-16T04:50:31.315352,18,95.3,57,69,55.099
2026-08-16T04:50:32.316538,23.7,95.3,59,70,53.018
2026-08-16T04:50:33.322376,18.2,95.3,61,70,55.053
2026-08-16T04:50:34.323560,20.5,95.3,65,70,56.039
2026-08-16T04:50:35.324322,19.8,95.3,67,71,57.986
2026-08-16T04:50:36.325071,19.6,95.3,66,70,49.909
2026-08-16T04:50:37.326344,18.7,95.3,68,72,60.223
2026-08-16T04:50:38.327501,20.4,95.3,67,70,56.473
2026-08-16T04:50:39.328229,19.1,95.3,71,70,61.328
2026-08-16T04:50:40.329862,20.9,95.3,68,70,58.366
2026-08-16T04:50:41.330828,21,95.3,60,71,56.084
2026-08-16T04:50:42.332229,19.2,95.3,59,71,54.25
2026-08-16T04:50:43.333492,18,95.3,62,69,54.25
2026-08-16T04:50:44.335216,21,95.3,68,70,57.138
2026-08-16T04:50:45.336518,20.8,95.3,68,70,58.058
2026-08-16T04:50:46.337496,21,95.3,67,69,55.898
2026-08-16T04:50:47.338797,20.7,95.3,68,70,56.204
2026-08-16T04:50:48.340177,20.1,95.3,61,70,53.243
2026-08-16T04:50:59.836299,23.2,95.4,67,70,54.742
2026-08-16T04:51:00.838414,21.2,95.4,58,69,51.048
2026-08-16T04:51:01.839721,19.3,95.4,60,70,54.376
2026-08-16T04:51:02.840766,22.3,95.4,61,69,50.953
2026-08-16T04:51:03.841993,22.5,95.4,64,68,54.401
2026-08-16T04:51:04.843968,23.7,95.4,57,68,53.547
2026-08-16T04:51:05.845065,21.4,95.4,64,69,54.044
2026-08-16T04:51:06.846595,24,95.4,66,70,56.614
2026-08-16T04:51:07.848551,23.7,95.4,66,72,56.852
2026-08-16T04:51:08.850237,24.9,95.4,70,70,59.401
2026-08-16T04:51:09.851412,26.8,95.4,65,70,55.571
2026-08-16T04:51:10.852252,20.3,95.4,64,69,54.395
2026-08-16T04:51:11.853452,21.8,95.5,68,70,54.896
2026-08-16T04:51:12.855240,22.5,95.4,63,70,56.483
2026-08-16T04:51:13.856434,24.5,95.4,69,71,57.434
2026-08-16T04:51:14.857665,23.3,95.4,70,71,57.063
2026-08-16T04:51:15.859047,21.6,95.4,68,71,57.365
2026-08-16T04:51:16.860550,25.9,95.3,70,70,56.53
2026-08-16T04:51:17.861454,24.9,95.3,65,70,53.575
2026-08-16T04:51:18.862709,22.8,95.3,68,71,58.929
2026-08-16T04:51:19.864194,22.8,95.3,66,71,58.547
2026-08-16T04:51:20.865858,22.1,95.3,68,71,61.655
2026-08-16T04:51:21.867254,24.5,95.2,72,71,61.369
2026-08-16T04:51:22.868332,22.1,95.2,68,71,60.771
2026-08-16T04:51:23.869825,21.8,95.2,72,72,61.247
2026-08-16T04:51:24.870825,22.2,95.2,67,72,59.907
2026-08-16T04:51:25.871827,24.5,95.2,74,72,62.884
2026-08-16T04:51:26.873734,24.4,95.2,70,71,59.436
2026-08-16T04:51:27.874700,22.3,95.2,75,72,61.704
2026-08-16T04:51:28.876460,22.1,95.2,77,72,64.799
2026-08-16T04:51:29.878115,24.2,95.2,75,73,64.65
2026-08-16T04:51:30.879362,22.2,95.2,71,72,62.579
2026-08-16T04:51:31.880919,25.4,95.3,76,73,91.983
2026-08-16T04:51:32.881852,22.8,95.3,74,72,65.921
2026-08-16T04:51:33.882740,23.9,95.3,71,72,61.493
2026-08-16T04:51:34.883944,23.4,95.2,74,72,63.803
2026-08-16T04:51:35.885206,23.1,95.3,73,74,64.017
2026-08-16T04:51:36.886313,25,95.3,72,72,65.287
2026-08-16T04:51:37.887358,23.5,95.3,76,72,63.836
2026-08-16T04:51:38.888686,23.8,95.2,75,74,63.539
2026-08-16T04:51:39.890319,25.9,95.2,76,73,63.729
2026-08-16T04:51:40.892542,22,95.2,75,74,65.605
2026-08-16T04:51:41.893747,19.1,95.3,78,72,64.988
2026-08-16T04:51:42.895401,24.7,95.2,70,71,61.753
2026-08-16T04:51:43.896456,23.4,95.3,69,71,61.2
2026-08-16T04:51:44.897334,22.3,95.2,69,72,59.864
2026-08-16T04:51:45.899320,23.3,95.4,68,73,59.291
2026-08-16T04:51:46.900812,21.8,95.2,70,71,61.604
2026-08-16T04:51:47.902168,35.3,96.4,0,65,19.824
2026-08-16T04:51:48.902784,24.2,96.2,74,73,33.781
2026-08-16T04:51:49.903862,20.3,96.2,68,71,61.479
2026-08-16T04:51:50.904975,18.5,96.2,69,71,81.766
2026-08-16T04:51:51.906030,12,96.2,64,72,65.857
2026-08-16T04:51:52.907138,14.1,96.2,65,70,57.497
2026-08-16T04:51:53.908438,18.5,96.4,63,70,56.844
2026-08-16T04:51:54.909800,21.2,96.3,68,71,61.035
2026-08-16T04:51:55.911633,20.7,96.4,71,71,61.095
2026-08-16T04:51:56.913247,22,96.3,69,72,60.949
2026-08-16T04:51:57.914211,21.3,96.3,69,72,69.838
2026-08-16T04:51:58.915823,23.2,96.3,69,70,64.176
2026-08-16T04:51:59.917679,23.8,96.3,65,70,57.8
2026-08-16T04:52:00.919040,21.7,96.3,67,71,58.313
2026-08-16T04:52:01.919937,21.6,96.3,65,69,55.831
2026-08-16T04:52:02.921021,22.8,96.3,69,71,58.377
2026-08-16T04:52:03.922505,21.4,96.3,71,71,60.29
2026-08-16T04:52:04.924579,20.5,96.3,71,70,42.549
2026-08-16T04:52:05.926471,20.2,96.3,74,71,60.993
2026-08-16T04:52:06.927537,21.1,96.3,70,71,59.09
2026-08-16T04:52:07.928876,19.5,96.4,72,71,58.48
2026-08-16T04:52:08.930608,21.2,96.4,74,72,60.881
2026-08-16T04:52:09.932255,22.4,96.3,70,72,58.395
2026-08-16T04:52:10.933715,25.6,97.3,76,71,103.135
2026-08-16T04:52:11.934731,25.5,97.5,78,70,62.758
2026-08-16T04:52:12.936483,24.3,97.5,75,70,60.469
2026-08-16T04:52:13.937821,24.7,97.4,76,72,61.277
2026-08-16T04:52:14.938938,23.5,97.5,79,71,61.845
2026-08-16T04:52:15.940350,26.7,97.8,62,71,59.033
2026-08-16T04:52:16.942225,27,96.8,73,70,60.515
2026-08-16T04:52:17.943845,20.6,96.8,69,71,60.187
2026-08-16T04:52:18.945315,20.2,96.7,71,71,59.228
2026-08-16T04:52:19.946345,20.5,96.7,70,70,61.588
2026-08-16T04:52:20.947712,22.4,96.8,93,73,85.225
2026-08-16T04:52:21.948757,22.6,96.7,79,72,63.511
2026-08-16T04:52:22.950783,23.9,96.7,75,72,63.696
2026-08-16T04:52:23.951834,23.5,96.7,64,70,58.9
2026-08-16T04:52:24.953151,26.9,96.6,54,69,55.924
2026-08-16T04:52:25.954232,26.6,96.7,68,71,54.286
2026-08-16T04:52:26.954896,25.9,96.6,62,70,57.8
2026-08-16T04:52:27.955677,21.9,96.6,65,70,59.152
2026-08-16T04:52:28.957092,22,96.8,66,72,58.83
2026-08-16T04:52:29.958356,20.1,96.8,63,71,58.308
2026-08-16T04:52:30.959514,20.8,96.8,64,72,59.317
2026-08-16T04:52:31.960711,19.2,96.8,65,70,57.936
2026-08-16T04:52:32.961854,22.1,96.8,61,69,56.336
2026-08-16T04:52:33.962989,19.9,96.8,64,69,58.379
2026-08-16T04:52:34.963810,19.4,96.8,66,71,70.628
2026-08-16T04:52:35.964695,19,96.8,67,70,58.357
2026-08-16T04:52:36.966829,21.4,96.8,67,71,58.326
2026-08-16T04:52:37.968048,19.9,96.8,70,69,56.728
2026-08-16T04:52:38.969387,20,96.8,66,70,58.245
2026-08-16T04:52:39.970496,22.5,96.8,68,71,56.573
2026-08-16T04:52:40.972237,21.6,96.5,68,69,58.158
2026-08-16T04:52:41.974288,22.8,96.4,62,69,54.552
2026-08-16T04:52:42.975273,20.6,96.4,64,70,56.276
2026-08-16T04:52:43.976529,24.6,95.6,64,69,55.607
2026-08-16T04:52:44.977559,18.9,95.6,59,69,53.279
2026-08-16T04:52:45.978903,18.3,95.6,60,68,54.617
2026-08-16T04:52:46.979983,20,95.7,56,68,52.698
2026-08-16T04:52:47.981025,19.3,95.7,61,67,56.706
2026-08-16T04:52:48.983198,21.2,95.8,62,68,54.312
2026-08-16T04:52:49.983896,19.5,95.8,57,68,59.201
2026-08-16T04:52:50.984624,19.1,95.8,61,68,54.494
2026-08-16T04:52:51.986124,19.8,95.8,61,67,54.256
2026-08-16T04:52:52.987157,18.7,95.9,65,68,53.54
2026-08-16T04:52:53.988307,21.6,95.9,62,69,56.801
2026-08-16T04:52:54.989700,17.7,95.9,56,68,52.853
2026-08-16T04:52:55.990567,17.9,95.9,62,68,53.926
2026-08-16T04:52:56.991308,16.6,95.9,60,67,53.311
2026-08-16T04:52:57.992442,18.8,95.9,65,68,55.917
2026-08-16T04:52:58.993678,16.7,95.9,65,67,56.406
2026-08-16T04:52:59.994656,19.2,95.9,66,69,55.645
2026-08-16T04:53:00.995845,17.8,95.9,63,67,53.383
2026-08-16T04:53:01.997121,20.4,95.9,67,68,56.414
2026-08-16T04:53:02.998917,18.1,95.9,64,67,55.48
2026-08-16T04:53:04.000697,19.2,95.9,63,68,33.853
2026-08-16T04:53:05.002139,20.3,96,62,67,54.704
2026-08-16T04:53:06.003588,22.7,96,62,68,53.205
2026-08-16T04:53:07.005085,22.1,96.1,64,68,55.311
2026-08-16T04:53:08.006299,22.5,96.1,70,69,56.495
2026-08-16T04:53:09.007159,20.8,96,69,69,56.47
2026-08-16T04:53:10.008498,22.3,96,62,70,53.512
2026-08-16T04:53:11.010192,20.9,96,61,70,52.603
2026-08-16T04:53:12.012110,21.2,96,70,68,58.52
2026-08-16T04:53:13.013159,18.5,95.8,64,69,53.163
2026-08-16T04:53:14.014569,18.9,95.8,63,67,55.53
2026-08-16T04:53:15.015491,19.9,96,61,68,51.91
2026-08-16T04:53:16.017016,20.9,95.9,63,68,55.434
2026-08-16T04:53:17.018007,21.6,95.9,67,69,56.994
2026-08-16T04:53:18.019479,20.7,95.9,63,69,55.813
2026-08-16T04:53:19.020264,23.7,95.7,57,71,52.327
2026-08-16T04:53:20.021063,21.2,95.8,68,69,57.311
2026-08-16T04:53:21.022290,20.8,95.8,70,70,56.619
2026-08-16T04:53:22.023342,20.9,95.6,69,69,57.654
2026-08-16T04:53:23.024225,22.5,95.7,69,70,59.771
2026-08-16T04:53:24.025372,19.5,95.7,69,69,57.962
2026-08-16T04:53:25.026253,19.7,95.7,68,71,58.375
2026-08-16T04:53:26.027577,20.9,95.6,66,71,58.055
2026-08-16T04:53:27.029333,21.3,95.7,64,71,55.287
2026-08-16T04:53:28.030434,19.2,95.6,66,71,22.55
2026-08-16T04:53:29.032200,19,95.7,67,69,58.198
2026-08-16T04:53:30.033168,21.4,95.6,71,69,58.67
2026-08-16T04:53:31.034418,18.6,95.6,70,69,59.003
2026-08-16T04:53:32.035361,20.5,95.6,75,69,61.814
2026-08-16T04:53:33.036891,20.7,95.6,76,71,46.687
2026-08-16T04:53:34.038238,20.4,95.7,71,71,60.41
2026-08-16T04:53:35.039234,19.8,95.7,74,71,60.755
2026-08-16T04:53:36.040686,19.2,95.7,68,72,59.487
2026-08-16T04:53:37.041984,21.8,95.7,66,71,57.609
2026-08-16T04:53:38.043056,20.1,95.7,64,70,64.075
2026-08-16T04:53:39.044771,19.2,95.7,65,71,59.889
2026-08-16T04:53:40.045835,19.5,95.7,71,70,59.33
2026-08-16T04:53:41.047174,21.2,95.7,66,70,60.871
2026-08-16T04:53:42.048472,21,95.7,66,71,58.261
2026-08-16T04:53:43.049847,22.6,95.7,71,71,60.996
2026-08-16T04:53:44.051365,21.3,95.7,68,70,55.891
2026-08-16T04:53:45.053713,24.6,95.7,69,71,60.059
2026-08-16T04:53:46.054499,21.9,95.7,66,71,57.379
2026-08-16T04:53:47.055801,18.5,95.7,66,70,56.689
2026-08-16T04:53:48.057010,19.3,95.7,62,70,56.972
2026-08-16T04:53:49.058027,20.1,95.7,64,69,56.878
2026-08-16T04:53:50.059318,18.7,95.5,62,71,58.916
2026-08-16T04:53:51.060520,22.3,95.5,60,69,55.652
2026-08-16T04:53:52.061499,20.6,95.6,62,70,55.902
2026-08-16T04:53:53.062455,19.8,95.6,62,69,57.582
2026-08-16T04:53:54.063495,20.1,95.7,59,70,54.384
2026-08-16T04:53:55.064983,21.8,95.6,65,70,57.036
2026-08-16T04:53:56.066082,21.7,95.6,67,69,55.473
2026-08-16T04:53:57.066981,22.2,95.7,66,71,57.467
2026-08-16T04:53:58.068193,22.5,95.6,71,71,60.181
2026-08-16T04:53:59.069813,19.4,95.7,60,69,55.431
2026-08-16T04:54:00.071100,17.2,95.6,61,69,55.056
2026-08-16T04:54:01.073386,20.9,95.7,61,70,55.723
2026-08-16T04:54:02.074855,19.5,95.7,65,69,22.462
2026-08-16T04:54:03.075704,21.4,95.7,68,70,56.833
2026-08-16T04:54:04.077370,21.1,95.6,65,68,54.216
2026-08-16T04:54:05.078807,19.6,95.6,70,69,58.194
2026-08-16T04:54:06.079761,19.5,95.6,71,69,56.013
2026-08-16T04:54:07.081862,20.3,95.6,73,70,61.491
2026-08-16T04:54:08.083546,21.9,95.7,64,71,58.87
2026-08-16T04:54:09.084810,23.1,95.6,73,72,60.301
2026-08-16T04:54:10.085981,22.8,95.6,68,70,58.72
2026-08-16T04:54:11.086986,21.6,95.6,70,72,58.75
2026-08-16T04:54:12.088177,22.7,95.6,58,70,52.592
2026-08-16T04:54:13.089210,21.1,95.6,63,71,55.131
2026-08-16T04:54:14.090323,22.7,95.6,60,69,54.57
2026-08-16T04:54:15.091294,22,95.7,55,68,51.462
2026-08-16T04:54:16.092905,19.1,95.6,66,69,55.58
2026-08-16T04:54:17.094127,18.3,95.7,61,69,53.79
2026-08-16T04:54:18.095002,20.2,95.6,60,69,53.286
2026-08-16T04:54:19.096540,18.3,95.6,59,69,54.155
2026-08-16T04:54:20.098945,18,95.5,60,68,55.653
2026-08-16T04:54:21.100044,17.5,95.5,59,70,55.085
2026-08-16T04:54:22.100959,20.5,95.5,61,69,54
2026-08-16T04:54:23.102024,18.5,95.5,60,70,54.15
2026-08-16T04:54:24.103596,18.2,95.5,61,69,54.342
2026-08-16T04:54:25.104953,18.5,95.5,61,69,54.35
2026-08-16T04:54:26.105619,19,95.5,65,70,58.066
2026-08-16T04:54:27.106856,16.8,95.5,59,69,51.332
2026-08-16T04:54:28.107923,18.9,95.5,65,68,57.66
2026-08-16T04:54:29.109484,15.7,95.5,64,71,55.477
2026-08-16T04:54:30.110681,14.7,95.5,66,70,56.596
2026-08-16T04:54:31.112067,38.8,95.5,62,71,54.26
2026-08-16T04:54:32.113232,15.7,95.5,57,69,52.9
2026-08-16T04:54:33.114886,11.3,95.5,67,69,56.764
2026-08-16T04:54:34.115692,16.8,95.5,68,71,57.017
2026-08-16T04:54:35.116851,16,95.5,60,70,54.259
2026-08-16T04:54:36.117730,16.2,95.6,66,70,54.637
2026-08-16T04:54:37.118824,17.2,95.5,65,68,56.568
2026-08-16T04:54:38.121546,17.9,95.5,68,69,56.311
2026-08-16T04:54:39.125096,23.8,95.5,67,69,56.797
2026-08-16T04:54:40.126078,17,95.5,66,69,56.217
2026-08-16T04:54:41.127150,18.2,95.5,67,69,57.069
2026-08-16T04:54:42.127815,27.6,95.5,66,69,56.139
2026-08-16T04:54:43.128650,9.9,95.5,66,69,56.662
2026-08-16T04:54:44.130287,17.5,95.5,66,69,56.744
2026-08-16T04:54:45.132132,17.3,95.6,70,71,58.582
2026-08-16T04:54:46.134076,19.3,95.6,64,70,59.288
2026-08-16T04:54:47.135071,17.6,95.5,66,69,57.892
2026-08-16T04:54:48.136578,16,95.5,64,70,57.201
2026-08-16T04:54:49.139041,16.5,95.5,70,70,57.983
2026-08-16T04:54:50.140370,16.4,95.5,66,69,55.908
2026-08-16T04:54:51.141362,15.6,95.5,62,69,56.804
2026-08-16T04:54:52.142316,16.7,95.5,65,70,56.73
2026-08-16T04:54:53.143400,20.6,95.6,71,70,59.768
2026-08-16T04:54:54.145001,19.5,95.6,73,70,62.184
2026-08-16T04:54:55.146598,19.8,95.5,69,71,59.785
2026-08-16T04:54:56.148183,19.5,95.6,78,72,61.723
2026-08-16T04:54:57.149226,19.1,95.5,66,70,54.34
2026-08-16T04:54:58.150206,18.7,95.6,63,70,57.68
2026-08-16T04:54:59.151316,19,95.5,67,70,58.882
2026-08-16T04:55:00.153700,20.4,95.6,64,70,57.587
2026-08-16T04:55:01.155348,19.2,95.6,65,70,22.438
2026-08-16T04:55:02.156198,19.9,95.5,62,69,61.673
2026-08-16T04:55:03.157015,18.6,95.6,67,70,59.969
2026-08-16T04:55:04.158262,18.8,95.5,63,69,55.003
2026-08-16T04:55:05.159169,19.4,95.6,65,70,57.075
2026-08-16T04:55:06.160318,18.5,95.6,64,70,54.691
2026-08-16T04:55:07.160956,17.7,95.6,59,70,58.476
2026-08-16T04:55:08.162081,15.9,95.5,66,70,56.178
2026-08-16T04:55:09.163631,18.7,95.5,65,71,56.31
2026-08-16T04:55:10.164969,18.1,95.6,63,71,56.648
2026-08-16T04:55:11.166235,17.9,95.7,60,69,79.363
2026-08-16T04:55:12.167286,31.9,96.5,59,70,54.53
2026-08-16T04:55:13.168698,16.3,96.5,62,69,55.266
2026-08-16T04:55:14.170377,20.6,96.4,60,71,55.251
2026-08-16T04:55:15.171735,20.9,96.5,65,69,57.355
2026-08-16T04:55:16.172672,22.3,96.5,67,70,58.118
2026-08-16T04:55:17.173512,20.5,96.5,70,72,59.213
2026-08-16T04:55:18.175040,20.4,96.1,68,71,58.654
2026-08-16T04:55:19.176466,20.6,96.1,58,71,55.699
2026-08-16T04:55:20.177820,18.6,96.1,57,71,51.899
2026-08-16T04:55:21.179523,19.7,96.2,58,69,54.481
2026-08-16T04:55:22.180821,21.7,96.2,59,70,53.972
2026-08-16T04:55:23.181668,18.3,96.2,59,71,52.348
2026-08-16T04:55:24.182879,17.6,96.2,59,69,54.13
2026-08-16T04:55:25.183871,20.2,96.2,62,69,54.422
2026-08-16T04:55:26.184681,19,96.2,63,68,54.906
2026-08-16T04:55:27.185857,19.5,96.2,58,71,58.022
2026-08-16T04:55:28.186964,19.9,97.1,61,70,58.479
2026-08-16T04:55:29.188082,25,97.1,67,70,55.15
2026-08-16T04:55:30.189599,22.4,97.3,61,70,55.123
2026-08-16T04:55:31.190793,24.4,97.3,67,70,56.098
2026-08-16T04:55:32.192232,22,97.8,64,70,54.488
2026-08-16T04:55:33.193401,22.3,98,67,70,56.31
2026-08-16T04:55:34.194382,23,97.2,57,71,67.251
2026-08-16T04:55:35.195482,19.7,97.1,63,70,56.328
2026-08-16T04:55:36.196444,19.5,97.1,68,71,58.671
2026-08-16T04:55:37.197465,19.7,97.1,74,72,60.292
2026-08-16T04:55:38.198669,21.2,97.1,74,70,62.322
2026-08-16T04:55:39.200929,18.4,97,66,71,57.321
2026-08-16T04:55:40.202617,17,97,68,72,56.949
2026-08-16T04:55:41.204591,22.7,97.1,67,71,57.44
2026-08-16T04:55:42.205382,18.5,97.1,65,70,55.743
2026-08-16T04:55:43.206689,20.3,97.2,62,70,56.569
2026-08-16T04:55:44.207829,21.1,97.2,63,70,56.779
2026-08-16T04:55:45.209030,20.5,97.2,62,71,52.795
2026-08-16T04:55:46.210276,17.8,97.2,61,70,53.946
2026-08-16T04:55:47.211077,19,97.2,60,69,55.15
2026-08-16T04:55:48.211948,18.4,97.2,60,70,54.807
2026-08-16T04:55:49.212962,17.8,97.2,57,69,52.698
2026-08-16T04:55:50.213813,17.6,97.2,64,70,67.487
2026-08-16T04:55:51.215333,18.3,97.2,62,69,56.867
2026-08-16T04:55:52.216117,18.4,97.3,61,70,58.01
2026-08-16T04:55:53.217200,16.3,97.2,67,70,57.378
2026-08-16T04:55:54.218448,18.9,97.3,61,69,55.377
2026-08-16T04:55:55.219981,18.6,97.2,64,69,55.639
2026-08-16T04:55:56.220963,23,97.2,65,70,64.985
2026-08-16T04:55:57.221606,19,97.2,61,70,54.864
2026-08-16T04:55:58.223026,21.1,96.8,62,70,56.362
2026-08-16T04:55:59.224291,22.1,96.8,65,71,58.177
2026-08-16T04:56:00.225356,19.6,96.8,62,70,55.47
2026-08-16T04:56:01.226413,20,96.8,59,71,55.3
2026-08-16T04:56:02.227970,20.6,96.8,59,70,54.387
2026-08-16T04:56:03.231327,18.9,96.8,62,70,55.476
2026-08-16T04:56:04.232466,21.1,96.8,61,70,56.107
2026-08-16T04:56:05.234278,20.7,96.8,69,70,58.658
2026-08-16T04:56:06.235138,19.2,96.8,67,71,56.463
2026-08-16T04:56:07.236296,21.7,96.8,68,71,61.303
2026-08-16T04:56:08.237409,21,96.8,64,71,57.53
2026-08-16T04:56:09.239640,20.5,96.8,63,71,57.359
2026-08-16T04:56:10.240562,22.6,96.8,65,71,53.852
2026-08-16T04:56:11.241882,19.9,96,64,71,58.685
2026-08-16T04:56:12.244410,21.3,96,65,72,58.353
2026-08-16T04:56:13.246733,20.9,96,62,69,55.503
2026-08-16T04:56:14.248100,20.1,96,62,71,57.162
2026-08-16T04:56:15.250213,21.6,95.9,69,70,60.286
2026-08-16T04:56:16.251663,21.6,95.9,63,70,61.137
2026-08-16T04:56:17.252336,24.3,96.5,66,70,57.881
2026-08-16T04:56:18.253761,24.6,96.8,63,69,56.128
2026-08-16T04:56:19.254881,24.9,97,68,71,57.351
2026-08-16T04:56:20.256418,24.8,97.3,68,69,57.782
2026-08-16T04:56:21.257345,25.7,97.1,74,70,60.063
2026-08-16T04:56:22.258986,27.6,97,65,71,55.181
2026-08-16T04:56:23.260452,27.7,96.9,56,69,51.217
2026-08-16T04:56:24.262151,26.1,96.7,63,70,55.727
2026-08-16T04:56:25.263314,19.9,96.8,65,71,56.157
2026-08-16T04:56:26.264225,22,96.8,61,70,61.828
2026-08-16T04:56:27.265219,20.6,96.8,65,70,56.99
2026-08-16T04:56:28.266828,20.2,96.7,67,71,57.682
2026-08-16T04:56:29.268479,20.6,96.7,68,72,58.662
2026-08-16T04:56:30.269500,22.7,96.7,64,70,57.256
2026-08-16T04:56:31.270301,23.1,96.7,65,71,57.895
2026-08-16T04:56:32.271232,20.9,96.7,62,70,54.65
2026-08-16T04:56:33.272587,20.1,96.8,59,70,54.654
2026-08-16T04:56:34.273999,22.4,96.7,63,70,56.749
2026-08-16T04:56:35.275469,20.6,96.8,63,70,55.529
2026-08-16T04:56:36.276454,18.6,96.7,49,70,45.991
2026-08-16T04:56:37.277903,19.4,96.7,60,71,54.866
2026-08-16T04:56:38.279160,17.8,96.8,62,70,54.792
2026-08-16T04:56:39.280506,17.8,96.8,60,70,54.413
2026-08-16T04:56:40.281773,16.1,96.7,60,70,64.853
2026-08-16T04:56:41.282762,20.9,96.8,60,70,53.85
2026-08-16T04:56:42.283815,19.3,96.8,59,70,54.284
2026-08-16T04:56:43.284991,17,96.8,59,70,56.422
2026-08-16T04:56:44.285963,19.9,96.8,61,71,54.913
2026-08-16T04:56:45.287718,18.5,96.8,61,70,55.709
2026-08-16T04:56:46.288800,18.8,96.7,61,69,55.923
2026-08-16T04:56:47.290106,17.8,96.5,62,70,56.122
2026-08-16T04:56:48.291022,17.6,96.4,63,70,56.052
2026-08-16T04:56:49.291970,17,96.5,61,70,56.806
2026-08-16T04:56:50.293993,19.8,96.4,63,71,56.491
2026-08-16T04:56:51.295129,17.3,95.6,61,71,53.921
2026-08-16T04:56:52.296013,17.2,95.7,60,70,54.719
2026-08-16T04:56:53.296875,14.9,95.6,59,70,54.127
2026-08-16T04:56:54.297814,16.2,95.6,59,69,54.261
2026-08-16T04:56:55.298888,16.5,95.6,57,70,53.302
2026-08-16T04:56:56.300248,19.5,95.8,56,70,53.022
2026-08-16T04:56:57.301099,15.4,95.9,2,63,19.753
2026-08-16T04:56:58.302524,18.3,95.8,53,69,51.344
2026-08-16T04:56:59.303429,15.9,95.4,57,68,54.194
2026-08-16T04:57:00.304400,14.5,95.4,54,69,50.316
2026-08-16T04:57:01.305260,14.9,95.3,59,69,54.013
2026-08-16T04:57:02.306491,14.7,95.3,53,68,50.756
2026-08-16T04:57:03.307685,15.4,95.3,57,67,65.03
2026-08-16T04:57:04.309083,15.5,95.3,64,69,55.921
2026-08-16T04:57:05.309885,14.6,95.3,59,69,53.57
2026-08-16T04:57:06.311944,14.6,95.4,59,69,53.969
2026-08-16T04:57:07.312902,15.5,95.3,61,70,53.799
2026-08-16T04:57:08.314508,15.5,95.3,60,69,53.93
2026-08-16T04:57:09.315558,14.7,95.3,58,68,52.873
2026-08-16T04:57:10.316373,16.2,95.3,58,68,53.536
2026-08-16T04:57:11.317306,15.9,95.2,56,68,50.658
2026-08-16T04:57:12.318354,15.3,95.2,53,67,50.07
2026-08-16T04:57:13.320176,15.3,94.8,53,67,22.052
2026-08-16T04:57:14.321661,15.2,94.9,55,68,51.822
2026-08-16T04:57:15.323544,16.1,94.8,62,69,55.975
2026-08-16T04:57:16.324334,15.2,94.9,63,70,56.779
2026-08-16T04:57:17.325468,16.3,94.9,62,70,55.271
2026-08-16T04:57:18.326402,18,94.8,61,70,55.19
2026-08-16T04:57:19.327151,16.6,94.9,61,70,57.416
2026-08-16T04:57:20.328586,15,94.9,67,70,57.373
2026-08-16T04:57:21.329468,14.4,94.8,62,70,55.963
2026-08-16T04:57:22.332324,22.2,95.1,64,71,56.581
2026-08-16T04:57:23.333875,21.9,95.3,67,69,44.361
2026-08-16T04:57:24.335051,20.7,95.4,65,68,57.284
2026-08-16T04:57:25.336794,17.5,95.4,62,69,55.436
2026-08-16T04:57:26.337939,18.2,95.4,61,69,53.728
2026-08-16T04:57:27.338757,17.1,95.3,64,70,57.529
2026-08-16T04:57:28.339969,19,95.3,61,69,55.394
2026-08-16T04:57:29.340695,18.8,95.3,64,69,55.495
2026-08-16T04:57:30.341850,18.7,95.3,61,68,53.907
2026-08-16T04:57:31.342721,18.1,95.1,61,70,54.833
2026-08-16T04:57:32.343968,17.7,95.1,64,70,56.683
2026-08-16T04:57:33.344849,19.2,95.1,66,70,58.467
2026-08-16T04:57:34.345948,18.7,95.1,65,71,57.577
2026-08-16T04:57:35.346512,17.2,95.3,61,70,56.336
2026-08-16T04:57:36.347319,16.2,95.2,63,70,57.161
2026-08-16T04:57:37.348272,17.1,95.1,63,70,57.167
2026-08-16T04:57:38.349994,16.6,95.1,61,69,53.396
2026-08-16T04:57:39.350966,14.9,95.1,62,69,55.911
2026-08-16T04:57:40.351726,14.8,95.1,61,69,57.632
2026-08-16T04:57:41.352939,15.3,95.1,63,70,56.043
2026-08-16T04:57:42.353785,14,95.1,57,70,53.091
2026-08-16T04:57:43.354517,14.3,95.1,58,69,53.341
2026-08-16T04:57:44.355185,14,95.1,63,69,58.068
2026-08-16T04:57:45.355851,15.4,95.1,60,69,55.361
2026-08-16T04:57:46.356706,15.8,95.1,60,70,55.216
2026-08-16T04:57:47.357678,21.8,95.2,61,70,54.989
2026-08-16T04:57:48.358386,15.2,95.3,62,69,56.747
2026-08-16T04:57:49.359528,15,95.3,63,68,57.795
2026-08-16T04:57:50.361751,13.9,95.3,62,68,56.844
2026-08-16T04:57:51.362659,16,95.3,68,69,59.277
2026-08-16T04:57:52.363764,13,95.3,67,70,60.619
2026-08-16T04:57:53.364758,14.8,95.3,70,70,62.299
2026-08-16T04:57:54.365885,16.3,95.3,67,69,56.152
2026-08-16T04:57:55.367089,18.4,95.3,70,69,62.38
2026-08-16T04:57:56.367920,18.9,95.3,62,70,55.863
2026-08-16T04:57:57.369063,18.6,95.3,66,69,58.302
2026-08-16T04:57:58.370116,15.7,95.3,63,69,56.617
2026-08-16T04:57:59.371103,15.5,95.3,63,70,37.567
2026-08-16T04:58:00.372392,16.6,95.4,67,70,69.205
2026-08-16T04:58:01.373600,15.8,95.4,62,70,56.129
2026-08-16T04:58:02.374496,15.4,95.4,64,69,56.85
2026-08-16T04:58:03.375448,17.2,95.4,68,70,56.246
2026-08-16T04:58:04.376412,15.6,95.3,61,69,56.545
2026-08-16T04:58:05.377398,15.7,95.4,63,69,57.12
2026-08-16T04:58:06.378405,19.8,95.5,70,70,98.551
2026-08-16T04:58:07.379712,16.9,95.5,65,69,58.597
2026-08-16T04:58:08.381038,17.4,95.5,65,70,56.597
2026-08-16T04:58:09.382439,16.5,95.5,68,69,61.896
2026-08-16T04:58:10.383747,18.7,95.5,62,70,58.12
2026-08-16T04:58:11.385160,17.4,95.6,62,69,56.985
2026-08-16T04:58:12.386229,17.1,95.6,68,70,59.687
2026-08-16T04:58:13.387414,18.1,95.6,66,69,55.543
2026-08-16T04:58:14.388557,17,95.6,65,70,56.433
2026-08-16T04:58:15.390372,16.9,95.6,67,69,57.589
2026-08-16T04:58:16.392231,15.4,95.6,65,69,55.07
2026-08-16T04:58:17.393736,15.1,95.5,63,71,56.595
2026-08-16T04:58:18.394875,15.5,95.5,64,69,57.43
2026-08-16T04:58:19.395988,16.5,95.6,61,69,54.285
2026-08-16T04:58:20.396657,14.2,95.6,62,69,67.645
2026-08-16T04:58:21.397272,15.8,95.5,62,69,56.489
2026-08-16T04:58:22.398012,14.9,95.5,63,68,56.611
2026-08-16T04:58:23.399338,14.5,95.5,64,69,55.997
2026-08-16T04:58:24.400456,16.4,95.5,61,69,55.82
2026-08-16T04:58:25.401566,15.2,95.5,63,69,55.95
2026-08-16T04:58:26.403227,14.5,95.5,60,68,55.531
2026-08-16T04:58:27.404394,17.6,95.5,60,68,55.677
2026-08-16T04:58:28.405117,15.2,95.5,64,68,56.159
2026-08-16T04:58:29.407174,16.1,95.5,62,68,56.21
2026-08-16T04:58:30.408690,15.4,95.5,64,68,56.071
2026-08-16T04:58:31.409745,16.7,95.4,64,69,56.26
2026-08-16T04:58:32.410859,16.7,95.4,65,70,57.808
2026-08-16T04:58:33.412632,15.2,95.5,65,69,56.978
2026-08-16T04:58:34.414422,16.2,95.4,64,69,56.394
2026-08-16T04:58:35.415783,17.8,95.5,64,69,55.684
2026-08-16T04:58:36.416612,18.1,95.4,65,69,62.761
2026-08-16T04:58:37.417892,16.8,95.4,62,68,63.415
2026-08-16T04:58:38.418651,17.2,95.4,63,69,55.382
2026-08-16T04:58:39.420935,16.3,95.4,68,69,56.212
2026-08-16T04:58:40.421934,16.5,95.4,63,68,55.274
2026-08-16T04:58:41.422814,16.4,95.4,65,69,58.504
2026-08-16T04:58:42.423988,17.4,95.4,66,70,57.475
2026-08-16T04:58:43.425127,17,95.4,68,70,58.098
2026-08-16T04:58:44.427065,15.8,95.4,68,70,59.975
2026-08-16T04:58:45.428022,16.4,95.4,70,69,57.449
2026-08-16T04:58:46.428861,16.8,95.4,66,69,57.12
2026-08-16T04:58:47.429991,15.4,95.4,67,69,55.949
2026-08-16T04:58:48.431847,16,95.4,63,69,56.137
2026-08-16T04:58:49.432726,18.2,96.3,63,68,55.749
2026-08-16T04:58:50.433760,19.2,96.7,65,68,49.149
2026-08-16T04:58:51.435544,18.1,96.6,65,68,55.616
2026-08-16T04:58:52.436383,15.3,96.7,55,68,49.074
2026-08-16T04:58:53.437264,20.6,97.6,68,69,59.238
2026-08-16T04:58:54.439344,18.6,96.5,60,69,52.773
2026-08-16T04:58:55.440708,19.2,96.7,60,68,51.862
2026-08-16T04:58:56.441628,21.7,96.7,80,70,65.796
2026-08-16T04:58:57.443284,17.7,96.8,63,70,54.979
2026-08-16T04:58:58.444101,22.1,96.8,63,70,54.919
2026-08-16T04:58:59.445430,18.8,96.7,60,70,55.833
2026-08-16T04:59:00.447051,18.7,96.7,58,70,53.093
2026-08-16T04:59:01.447815,16.8,96.7,61,70,54.619
2026-08-16T04:59:02.448746,17.5,96.7,60,71,64.386
2026-08-16T04:59:03.449562,18.2,96.7,59,71,57.351
2026-08-16T04:59:04.450786,16.9,96.7,60,70,55.209
2026-08-16T04:59:05.451865,17.3,96.6,65,68,55.363
2026-08-16T04:59:06.453077,16.6,96.6,59,69,52.84
2026-08-16T04:59:07.453866,17.1,96.5,62,69,54.786
2026-08-16T04:59:08.454955,15.4,96.5,60,69,55.193
2026-08-16T04:59:09.456003,15.3,96.5,61,69,53.893
2026-08-16T04:59:10.456988,14.4,96.5,60,69,54.229
2026-08-16T04:59:11.458057,14.2,96.5,65,71,61.612
2026-08-16T04:59:12.459407,14.6,96.5,60,69,54.331
2026-08-16T04:59:13.460970,12.9,96.5,59,70,64.908
2026-08-16T04:59:14.461902,15.9,96.5,58,69,56.58
2026-08-16T04:59:15.463093,15.3,96.5,59,69,54.631
2026-08-16T04:59:16.464204,18.7,96.5,60,68,52.659
2026-08-16T04:59:17.465295,16.8,96.5,62,69,53.175
2026-08-16T04:59:18.466099,22.6,96.8,63,70,54.116
2026-08-16T04:59:19.467296,19.2,96.4,63,70,56.967
2026-08-16T04:59:20.469299,25.6,96.8,66,69,53.44
2026-08-16T04:59:21.470946,21.5,96.8,59,69,53.932
2026-08-16T04:59:22.471891,20.5,95.9,61,69,53.882
2026-08-16T04:59:23.472887,19.5,95.7,60,69,50.437
2026-08-16T04:59:24.473676,18.8,95.7,59,68,52.452
2026-08-16T04:59:25.474460,17,95.7,61,68,51.881
2026-08-16T04:59:26.475109,16.3,95.6,61,68,52.072
2026-08-16T04:59:27.476719,24.6,96.1,61,69,52.097
2026-08-16T04:59:28.483334,21,96.1,97,75,82.314
2026-08-16T04:59:29.484773,26,96.4,72,70,55.161
2026-08-16T04:59:30.486414,22.6,96.4,67,70,57.749
2026-08-16T04:59:31.487595,24.7,96.4,67,70,58.101
2026-08-16T04:59:32.489057,26.9,96.4,63,69,60.406
2026-08-16T04:59:33.491912,19.2,96.2,63,69,54.99
2026-08-16T04:59:34.493240,20.7,96.2,66,71,54.485
2026-08-16T04:59:35.494560,21.1,96.2,62,71,54.932
2026-08-16T04:59:36.495618,19.5,96.2,62,69,54.069
2026-08-16T04:59:37.496498,23.6,96.4,65,70,54.837
2026-08-16T04:59:38.497773,22.4,96.3,66,70,61.189
2026-08-16T04:59:39.498708,22.9,96.3,64,70,53.829
2026-08-16T04:59:40.500780,20.7,96.3,61,70,54.303
2026-08-16T04:59:41.501843,21.3,96.2,66,72,58.916
2026-08-16T04:59:42.502449,19.9,96.2,66,71,55.637
2026-08-16T04:59:43.503511,20.6,96.4,65,70,56.211
2026-08-16T04:59:44.505460,21.8,96.4,69,72,57.223
2026-08-16T04:59:45.506148,28.9,96.4,67,71,58.391
2026-08-16T04:59:46.507284,19,96.4,67,71,57.937
2026-08-16T04:59:47.508657,21.6,96.4,66,71,58.534
2026-08-16T04:59:48.509509,25.9,96.4,71,71,60.226
2026-08-16T04:59:49.510432,20.1,96.4,75,72,64.597
2026-08-16T04:59:50.511443,21.6,96.5,73,72,64.396
2026-08-16T04:59:51.512622,20,96.5,74,73,62.419
2026-08-16T04:59:52.513649,18.7,96.4,83,73,69.102
2026-08-16T04:59:53.514621,21.6,96.5,81,74,69.17
2026-08-16T04:59:54.516163,20.5,96.5,80,74,69.544
2026-08-16T04:59:55.518244,21.9,96.5,71,73,62.879
2026-08-16T04:59:56.519409,22.7,96.5,59,69,50.274
2026-08-16T04:59:57.520455,25.1,96.5,80,73,61.658
2026-08-16T04:59:58.522739,21.8,96.5,68,73,59.405
2026-08-16T04:59:59.524168,20,96.5,64,70,56.714
2026-08-16T05:00:00.525867,21.3,97.4,63,70,55.683
2026-08-16T05:00:01.526747,21.2,97.1,56,70,54.387
2026-08-16T05:00:02.527810,21.3,97.1,62,70,56.631
2026-08-16T05:00:03.529589,19.5,97,62,71,53.523
2026-08-16T05:00:04.530758,23.7,97,60,70,53.482
2026-08-16T05:00:05.531977,21.5,97,61,70,53.009
2026-08-16T05:00:06.533379,20.4,96.5,61,72,54.521
2026-08-16T05:00:07.534442,23.2,96.7,61,69,47.578
2026-08-16T05:00:08.535660,22,96.7,79,74,54.469
2026-08-16T05:00:09.536771,22.7,96.7,72,72,59.061
2026-08-16T05:00:10.537783,18.6,96.4,59,71,51.784
2026-08-16T05:00:11.538511,16.2,96.2,58,71,53.848
2026-08-16T05:00:12.539207,17,96.2,59,70,52.582
2026-08-16T05:00:13.540576,14.6,96.2,57,70,48.842
2026-08-16T05:00:14.541787,18.6,96.4,63,71,55.186
2026-08-16T05:00:15.543066,23.2,96.4,62,72,54.114
2026-08-16T05:00:16.544358,18.5,96.5,60,72,55.18
2026-08-16T05:00:17.545000,19.5,96.5,61,72,53.807
2026-08-16T05:00:18.546082,21.2,96.4,60,72,54.085
2026-08-16T05:00:19.547195,20.7,96.5,80,73,65.274
2026-08-16T05:00:20.548228,19.5,96.3,60,72,63.51
2026-08-16T05:00:21.549439,17.7,96,63,71,59.869
2026-08-16T05:00:22.550663,17.5,96.1,56,70,51.311
2026-08-16T05:00:23.551871,20.5,96.1,57,71,51.663
2026-08-16T05:00:24.552707,22.4,97.2,57,71,51.034
2026-08-16T05:00:25.553975,21.3,97.3,57,70,50.885
2026-08-16T05:00:26.555475,20.5,97.5,60,70,51.055
2026-08-16T05:00:27.556837,16.4,97.4,58,70,51.361
2026-08-16T05:00:28.558363,27.2,97.6,60,70,52.571
2026-08-16T05:00:29.559774,16.7,96.6,61,69,54.08
2026-08-16T05:00:30.561430,19.5,96.4,61,68,53.1
2026-08-16T05:00:31.562409,18.4,96.5,62,69,56.418
2026-08-16T05:00:32.563235,16.4,96.4,64,68,54.772
2026-08-16T05:00:33.564406,16.5,96.4,64,68,55.449
2026-08-16T05:00:34.565717,18,96.4,62,69,55.837
2026-08-16T05:00:35.567200,16.7,96.4,62,68,55.773
2026-08-16T05:00:36.568414,19,96.3,64,68,55.761
2026-08-16T05:00:37.570114,22.3,96.3,59,68,54.551
2026-08-16T05:00:38.571327,18.8,96.3,57,67,51.971
2026-08-16T05:00:39.572580,16.1,96.3,57,68,52.424
2026-08-16T05:00:40.574489,17.7,96.3,56,68,50.039
2026-08-16T05:00:41.575238,14.5,96.3,55,68,51.862
2026-08-16T05:00:42.576459,14.5,96.4,57,67,51.291
2026-08-16T05:00:43.577705,15,96.3,57,67,51.388
2026-08-16T05:00:44.578869,15.4,96.4,55,67,50.952
2026-08-16T05:00:45.580114,14.4,96.4,56,67,51.378
2026-08-16T05:00:46.581516,18.4,96.4,57,66,51.458
2026-08-16T05:00:47.582700,13.3,96.4,56,66,52.692
2026-08-16T05:00:48.583822,19.1,96.5,56,66,51.142
2026-08-16T05:00:49.585149,14.6,96.5,56,66,51.176
2026-08-16T05:00:50.586396,15.2,96.5,57,66,51.047
2026-08-16T05:00:51.587136,15.5,96.5,56,66,51.003
2026-08-16T05:00:52.588077,15.2,96.5,57,66,51.559
2026-08-16T05:00:53.589118,15.1,96.5,56,66,53.69
2026-08-16T05:00:54.591189,16.5,96.3,56,67,52.259
2026-08-16T05:00:55.592328,14.5,96.2,56,68,51.107
2026-08-16T05:00:56.593541,13.9,96.2,56,67,51.801
2026-08-16T05:00:57.594412,15.3,95.4,56,66,51.037
2026-08-16T05:00:58.595936,14.1,95.4,56,68,50.898
2026-08-16T05:00:59.597199,15.4,95.4,56,68,50.823
2026-08-16T05:01:00.597938,17.1,95.5,56,67,50.344
2026-08-16T05:01:01.599477,15,95.4,56,66,50.681
2026-08-16T05:01:02.601115,13.7,95.4,56,67,52.366
2026-08-16T05:01:03.602022,15,95.4,56,67,50.83
2026-08-16T05:01:04.603415,15.1,95.4,56,67,50.919
2026-08-16T05:01:05.604227,15.5,95.4,56,67,51.069
2026-08-16T05:01:06.605474,14.7,95.4,56,67,50.968
2026-08-16T05:01:07.606375,14.4,95.4,55,66,50.776
2026-08-16T05:01:08.608021,13.8,95.4,57,66,50.997
2026-08-16T05:01:09.609172,14.7,95.4,57,65,51.032
2026-08-16T05:01:10.610431,15.1,95.4,59,66,50.888
2026-08-16T05:01:11.611216,14.1,95.4,55,66,50.001
2026-08-16T05:01:12.612217,13.9,95.4,60,66,51.854
2026-08-16T05:01:13.613357,14.9,95.7,54,68,49.676
2026-08-16T05:01:14.614395,17.4,95.9,51,66,52.337
2026-08-16T05:01:15.615818,15.5,95.9,50,67,51.971
2026-08-16T05:01:16.617013,13.8,95.9,50,66,52.494
2026-08-16T05:01:16.617014,16.7,95.9,50,66,52.128
